-1.035,-1.179,-1.947,-5.264,2.183,-0.394,0.532,5.403,1.574,4.310,0.287,1.000
3.400,0.799,0.702,-0.507,-2.562,-5.735,-1.628,4.090,2.892,3.451,-2.207,0.000
3.669,-2.725,3.263,6.729,-4.051,-1.778,4.973,-2.081,0.419,-0.124,2.063,1.000
4.124,-3.414,0.941,-1.727,4.553,2.065,1.286,2.534,2.476,-1.397,0.412,1.000
0.873,-2.555,4.590,2.590,4.764,-3.087,0.930,0.690,1.317,-1.453,-4.371,1.000
2.350,-3.979,-2.398,-4.968,3.152,3.614,-3.322,3.768,1.292,-1.215,0.991,1.000
0.659,0.589,-2.359,-1.653,0.664,-2.976,-0.232,-3.271,0.997,2.279,0.402,1.000
5.198,-1.386,1.035,-1.863,5.066,0.016,2.292,-2.057,1.772,-0.864,-0.752,1.000
3.088,-2.030,-0.835,-3.945,-3.774,0.758,-1.536,2.267,-1.177,3.235,-2.828,0.000
2.663,2.232,0.073,-1.372,-0.988,5.067,-2.035,1.496,0.908,-1.738,0.595,0.000
3.744,-2.701,1.081,-3.166,-2.483,-0.032,1.851,1.250,-2.099,-2.989,-0.283,0.000
-1.468,1.565,-2.605,-4.802,-4.980,1.704,4.122,1.248,-3.658,-0.713,-4.936,0.000
-1.496,0.307,-0.757,-0.441,-2.768,-0.416,-1.522,-2.680,2.732,2.260,-1.321,1.000
1.809,-2.956,0.477,0.539,1.100,-1.567,-0.653,-1.427,1.807,-0.816,2.088,1.000
-3.110,-4.603,0.650,0.240,3.183,2.602,-4.365,-4.186,0.790,0.362,-2.879,1.000
-0.566,0.892,1.126,-1.224,-1.744,2.579,-4.002,1.736,1.903,-1.953,1.436,0.000
1.806,0.289,-1.794,-1.296,-1.653,-0.071,1.039,-0.157,-1.086,-0.223,0.162,0.000
-3.542,2.487,-2.558,-1.069,-0.471,-4.394,3.433,-3.144,-2.932,2.581,-0.541,0.000
2.328,-1.403,1.613,-1.408,1.439,2.075,0.165,-2.950,4.440,-0.635,-2.105,1.000
-0.074,-0.970,-3.169,-7.603,1.805,1.686,0.852,0.492,3.875,0.377,0.530,1.000
-1.216,-0.643,-1.612,-0.255,-2.528,-2.044,0.792,0.971,0.575,0.058,-2.626,0.000
4.216,1.301,2.443,2.693,-0.736,-3.870,-0.871,1.433,2.147,3.326,-1.299,0.000
-2.435,0.727,-1.055,-0.086,1.291,2.114,2.755,-4.077,-2.921,-1.861,1.213,1.000
2.624,-0.139,-0.508,0.694,1.416,1.142,-2.878,-1.211,3.964,2.806,-0.946,1.000
0.172,-1.613,-1.762,1.916,-0.381,-3.143,-1.684,0.515,0.909,-1.505,-3.539,1.000
2.548,-3.151,2.121,0.558,1.067,-0.522,0.138,3.300,-0.028,0.353,0.643,0.000
4.038,-2.628,1.644,0.328,0.471,-0.709,-0.036,2.353,-1.698,3.022,1.636,0.000
-1.236,-0.016,0.035,-3.054,0.835,1.278,0.887,0.547,-0.550,-1.949,2.034,0.000
0.007,2.016,-2.030,2.711,2.221,-0.886,-2.530,3.693,0.200,-6.160,0.173,1.000
2.026,-1.501,1.097,0.461,1.747,-1.016,3.909,-2.227,-1.588,2.661,0.036,1.000
1.578,-3.379,2.669,-1.334,1.892,-1.429,2.212,-3.046,-0.745,1.628,-1.446,1.000
2.095,5.384,0.028,0.098,-1.157,2.691,2.905,-0.019,-1.029,1.236,-0.955,0.000
-0.197,2.359,0.952,3.612,0.882,0.747,6.071,-3.572,-3.363,-1.680,2.842,1.000
0.267,-0.023,1.423,0.861,-0.948,-3.180,-2.654,1.469,2.393,1.216,-3.619,0.000
0.597,3.907,-1.618,-0.738,-0.870,2.134,1.202,1.441,0.097,0.146,-0.310,0.000
0.137,-1.249,0.596,-1.906,-1.011,-2.225,-0.111,0.464,-1.347,-1.999,-0.800,0.000
-3.608,-1.410,-1.200,2.164,-6.906,-2.684,-5.887,-2.793,-0.448,0.831,0.545,1.000
0.646,0.771,-3.104,-6.065,-0.075,-0.762,1.528,1.498,-0.236,0.633,-1.277,1.000
-0.573,-2.398,1.751,1.149,1.644,-2.116,-2.629,0.736,1.158,-4.558,-2.088,1.000
-0.900,1.865,-2.657,1.074,-1.459,3.532,-1.621,-0.454,2.926,4.289,-0.320,0.000
0.520,-1.136,-0.283,0.053,2.211,-0.646,-0.313,-0.990,0.466,-1.519,-0.991,1.000
2.666,1.227,1.082,-1.594,0.477,0.024,4.534,-3.153,-4.165,-0.533,-0.444,1.000
-0.044,0.693,-3.043,0.563,2.689,-2.952,-3.909,-4.445,-0.990,6.051,-4.257,1.000
1.667,-0.648,1.162,0.596,2.475,-2.580,3.865,-3.187,-1.450,2.579,-2.106,1.000
-3.065,-1.167,-1.114,0.122,-3.006,0.046,-5.524,-1.803,2.808,2.777,-1.695,1.000
-0.617,3.467,-0.732,0.025,-2.073,2.918,3.952,4.471,-2.642,0.856,-3.466,0.000
5.281,-2.264,-2.517,-4.285,5.273,0.475,-1.927,-1.569,0.375,-3.791,-1.110,1.000
2.909,5.368,-3.356,-3.816,3.271,-0.074,2.221,-0.560,-5.812,-0.198,0.075,1.000
1.404,0.775,-1.483,-1.515,1.507,3.640,-1.051,-2.903,3.771,2.934,-0.104,0.000
3.461,0.232,-4.510,-3.189,0.924,-2.360,-1.019,-2.553,1.708,-1.634,0.410,1.000
-0.626,1.478,-2.145,-3.089,-0.047,-1.049,-0.957,-2.111,1.021,-0.517,0.276,0.000
2.244,0.439,-0.881,0.410,0.329,1.791,4.116,-1.026,-3.749,-2.115,1.992,0.000
-3.484,-1.953,-2.270,-0.379,-0.743,1.941,0.263,-5.388,1.949,5.417,4.265,0.000
0.587,0.096,-1.996,-4.468,-3.780,-0.121,2.420,4.221,-2.110,0.348,-3.458,0.000
1.510,0.777,-0.265,-4.339,0.030,2.360,-0.504,1.749,6.245,3.087,-0.405,1.000
-1.472,-2.284,0.107,1.655,-1.055,-1.584,-3.540,1.023,1.398,1.652,-0.340,1.000
-1.253,0.799,-1.149,2.594,1.724,-1.143,1.130,-0.765,-0.684,-2.390,-1.877,1.000
3.538,-0.316,-2.284,-1.813,2.350,-2.554,0.007,-0.802,0.080,-1.103,0.989,1.000
4.074,-1.908,3.097,3.592,-0.816,-5.593,3.265,-1.036,0.398,-0.102,-2.367,1.000
-1.995,1.191,0.581,0.503,-2.857,1.519,0.050,1.843,-1.216,0.800,0.357,0.000
0.985,3.873,-2.657,-0.652,-0.755,1.529,0.900,-2.153,0.331,1.282,2.122,0.000
2.763,-0.163,-3.870,-3.438,-3.047,1.885,4.415,-0.776,-5.269,-3.217,1.222,0.000
-1.518,-2.111,1.823,4.337,-1.002,-3.886,-0.503,-2.013,-0.903,1.189,-1.836,1.000
1.796,-2.168,-0.242,1.142,-0.665,-1.655,-0.576,0.591,-1.025,1.352,-2.348,1.000
-0.367,-4.183,1.542,1.992,0.384,1.128,-4.935,-1.925,1.571,1.104,-0.834,1.000
-2.282,-1.657,0.598,0.353,-0.387,-0.647,2.734,0.035,2.878,-5.656,-0.473,0.000
-0.057,-2.204,-0.148,1.328,1.669,-1.612,-0.710,0.900,0.264,-2.985,0.766,0.000
0.863,1.387,-0.756,0.563,1.768,-1.205,-0.568,0.701,-2.179,-2.101,-0.191,1.000
0.886,0.635,-0.624,3.712,1.880,0.803,3.014,1.073,-2.379,1.265,2.830,1.000
2.159,-0.548,-0.846,2.520,-1.794,-2.652,-1.917,-2.202,1.618,1.028,1.773,1.000
3.145,-2.719,3.965,4.372,-3.011,-3.257,7.272,-4.321,-1.932,2.452,0.990,1.000
-0.595,0.918,3.215,1.057,1.267,-1.659,0.368,-0.213,-3.170,-0.178,-2.359,0.000
1.271,-4.002,-0.391,0.556,-2.527,0.434,-1.437,-0.523,0.499,-0.371,-1.762,1.000
0.616,0.181,0.634,1.561,1.437,-1.202,-0.404,-0.215,-0.607,-3.143,-0.671,1.000
1.720,0.790,0.424,1.138,-2.050,0.359,3.932,-3.464,-4.053,-0.386,3.852,1.000
0.959,0.391,1.022,4.775,2.752,-2.674,2.254,1.584,-0.532,-0.625,-2.431,1.000
2.062,1.170,-2.888,-3.559,3.822,-2.486,1.199,-4.184,-0.347,0.798,-1.986,1.000
1.080,-0.640,-2.227,-0.684,2.955,-2.684,-2.414,-1.323,-2.928,1.387,-5.015,1.000
-0.310,-0.879,1.706,-2.044,0.451,-1.892,0.008,3.186,-1.715,-1.015,-1.448,0.000
3.274,0.288,1.229,-2.060,3.404,0.714,1.140,1.211,2.761,1.602,-2.883,1.000
2.326,-1.983,1.656,-2.589,-0.244,-1.628,-0.141,-1.146,-2.898,0.357,-3.971,1.000
-0.473,2.291,-2.992,-0.019,-1.765,1.084,0.039,-5.649,0.586,3.977,3.056,0.000
-1.194,-0.673,2.608,-2.451,-0.762,1.115,0.445,1.362,1.208,-1.223,0.471,0.000
3.976,-2.846,1.737,-3.203,1.314,-1.497,-1.452,-1.174,-0.351,0.684,-0.778,1.000
1.635,0.392,-1.854,-0.528,1.517,-3.833,0.159,-3.822,-2.549,0.153,-3.263,1.000
-0.124,2.502,-0.608,-0.558,-2.885,-0.649,-0.120,-0.074,-2.028,2.552,-5.493,0.000
-1.150,-2.571,-0.995,-1.537,-1.642,1.911,1.693,0.779,-2.304,0.589,-1.625,0.000
2.975,-1.879,2.080,-0.587,-1.042,-1.255,2.215,-2.118,-1.100,-1.667,-0.902,1.000
0.610,-3.470,1.562,-2.555,-1.453,-1.581,-4.249,2.967,-0.227,2.177,-3.912,0.000
3.491,-1.299,3.158,1.577,0.136,-0.622,2.233,-0.160,1.332,-1.752,1.645,0.000
-1.673,0.164,-0.868,2.518,4.239,-1.204,-0.737,1.404,0.680,-2.808,-2.905,1.000
2.258,-1.122,-0.433,0.953,-2.478,0.665,0.349,0.601,-2.691,0.335,-3.000,1.000
3.047,-0.365,2.069,3.124,-0.930,-2.826,5.620,-2.228,-2.942,1.833,1.237,1.000
-1.228,-4.622,1.158,-2.904,-0.509,0.726,1.773,0.424,-2.855,-3.610,0.396,0.000
1.337,2.147,-4.095,-2.602,-1.381,-4.030,0.047,0.084,1.487,1.520,1.780,1.000
1.262,-2.042,-1.794,-1.140,-2.856,0.626,3.441,2.351,0.785,-0.672,-0.457,0.000
1.229,-2.589,0.005,1.561,-2.188,-1.445,-3.885,-0.482,-1.404,0.313,0.498,1.000
-0.395,-1.174,-1.673,3.275,-2.721,-2.788,-5.010,-1.692,2.730,2.337,1.701,1.000
-0.874,0.770,-2.452,-0.643,-2.783,-0.863,-0.764,0.780,-0.887,2.227,-4.449,0.000
-3.488,-1.806,0.687,-2.960,0.351,-2.061,0.998,0.565,-0.978,-1.209,0.613,0.000
-1.195,0.673,-4.239,0.766,-1.119,3.119,-0.774,-4.668,2.132,5.126,4.701,0.000
3.661,-1.209,3.306,0.945,0.316,0.412,2.287,-0.942,4.510,-0.566,1.443,1.000
2.369,1.027,0.811,5.517,2.132,-2.538,2.128,3.178,-0.759,-0.931,-0.139,1.000
4.563,-0.413,1.915,-1.103,1.073,-1.347,0.179,0.733,-2.705,0.755,-1.200,1.000
-1.716,-0.779,-1.272,0.659,4.085,-0.714,0.424,-0.980,-0.158,0.209,-1.753,1.000
0.196,-0.520,-0.216,-1.921,-1.735,-0.129,2.583,2.586,-1.313,-0.597,-1.889,0.000
-0.216,-3.626,2.503,0.898,2.962,-3.055,-0.960,-1.521,2.454,-1.785,-3.747,1.000
2.351,0.845,-0.543,0.316,-2.987,-2.343,-0.719,-2.657,2.267,-2.338,-0.631,1.000
2.045,1.190,-0.518,-2.246,0.078,-1.732,1.929,-1.196,1.046,-0.180,-2.406,1.000
-1.007,3.144,-1.339,0.947,-2.452,1.781,-0.142,-1.725,2.281,3.688,1.385,0.000
0.279,-0.818,2.046,3.830,0.617,-1.721,3.816,-3.161,-0.536,-0.642,0.616,1.000
1.259,-0.330,0.992,-0.652,2.413,-0.522,1.653,-1.603,3.318,1.264,-0.135,1.000
2.478,-0.098,2.492,1.530,0.036,-1.674,2.055,-3.370,3.966,0.477,-1.409,1.000
-1.885,-1.654,-0.211,0.832,-1.213,-1.918,-2.193,-2.875,0.241,-2.214,-2.470,0.000
0.440,1.435,-1.809,-2.415,-1.908,-0.127,0.616,1.243,-4.231,1.961,-2.665,0.000
0.030,-2.075,-0.647,2.178,-0.051,-1.185,-3.842,3.103,-1.036,0.193,-3.306,1.000
0.680,0.453,1.215,-1.479,-2.728,-0.050,0.152,-2.522,-0.735,-1.329,-2.904,0.000
0.629,0.514,-1.514,0.898,-2.102,-3.643,0.145,-3.625,2.519,1.840,-0.808,1.000
1.335,0.293,1.104,-6.092,3.775,4.086,2.810,0.579,5.563,1.608,-3.336,1.000
0.783,-2.276,0.063,0.618,3.782,-2.991,1.345,-2.544,-0.535,0.682,0.340,1.000
2.608,-0.131,0.464,2.053,4.140,-4.329,0.506,2.570,-0.315,1.614,-4.154,1.000
-1.429,-4.484,3.310,2.636,2.739,0.812,-1.409,-1.329,2.034,1.029,-2.103,1.000
-1.019,0.695,-2.383,-1.446,-1.151,-0.975,0.561,-0.044,-1.195,0.448,-0.645,0.000
1.470,1.604,-1.856,-2.134,3.369,-3.358,3.870,-4.265,2.618,2.911,-2.500,1.000
0.854,-0.470,-0.550,-1.817,-2.599,0.736,2.593,-0.982,-1.993,-1.768,-1.022,0.000
-0.815,3.487,-1.493,-0.603,-1.300,-0.575,2.127,1.138,-1.166,0.226,-0.055,0.000
0.706,0.345,-5.277,-4.050,2.318,0.066,-0.835,-3.665,1.691,0.254,0.876,0.000
1.323,1.867,-0.610,-0.719,-2.521,-2.359,0.549,-0.998,1.687,1.336,-0.453,1.000
-1.106,-1.534,0.861,1.136,-0.351,1.555,0.629,-1.716,-0.730,-3.787,-1.442,1.000
0.970,0.763,-1.299,-3.494,1.919,0.973,3.727,-2.136,-2.174,-1.243,2.721,0.000
1.685,0.508,-0.732,-0.641,0.993,-1.462,-0.547,-1.350,0.358,1.669,-3.723,1.000
3.971,-2.187,3.493,-2.533,-0.133,-0.905,-1.748,-0.177,-0.864,-3.474,-3.223,1.000
1.037,1.022,0.331,-0.548,-3.723,-4.937,-2.348,1.198,2.994,1.496,-4.603,0.000
-0.708,-0.738,-1.555,-5.098,0.557,-0.161,1.190,-0.348,-0.536,-2.321,-0.487,0.000
2.025,-3.262,-0.659,2.189,2.590,-2.966,-2.248,-0.565,-3.217,-2.517,-1.007,1.000
2.102,-2.722,6.641,0.463,2.167,-1.197,-0.102,2.455,0.491,-0.559,0.064,0.000
0.104,-0.120,1.211,-2.947,-1.388,0.018,0.034,2.497,-0.745,0.376,-2.987,0.000
-1.227,-1.315,1.473,1.113,-1.336,-0.878,1.461,-0.977,-0.818,-0.424,-2.487,0.000
-2.871,-0.540,1.362,-1.841,-1.938,-2.040,-1.548,-2.559,0.830,1.059,-0.513,0.000
2.035,-2.452,1.379,3.196,1.023,-4.219,1.451,0.144,0.715,1.521,-3.594,1.000
-2.472,-0.272,0.467,-1.825,-1.608,-2.007,-2.876,-1.158,-2.416,0.013,-4.735,0.000
-1.168,1.589,-0.337,-0.569,-1.684,0.983,-2.218,0.119,-0.289,-0.400,1.112,0.000
0.509,1.549,-1.776,-1.866,-0.914,1.434,-1.701,0.594,0.857,-0.428,-1.371,0.000
0.468,-0.665,1.781,-0.782,1.451,-2.486,-0.856,-1.755,-1.616,-2.303,-2.154,1.000
-3.292,-3.244,1.441,2.553,0.321,-1.436,-2.935,-0.193,-0.264,3.400,-3.061,1.000
2.067,-1.123,1.471,-2.150,-1.424,-2.096,-0.831,1.215,0.168,-1.127,-0.913,0.000
0.233,0.382,-3.380,-1.404,0.820,-2.204,-1.968,-3.102,0.547,1.697,-2.571,1.000
2.327,-1.291,1.730,-2.213,3.823,1.447,2.582,-0.868,2.629,-0.236,-1.020,1.000
-0.367,-2.672,3.991,0.305,3.536,0.720,2.231,-2.283,-1.701,0.560,0.691,1.000
-2.555,-0.360,5.872,-0.429,2.470,-1.092,-0.356,0.308,-2.331,-2.104,-2.656,0.000
0.699,-2.668,-0.903,-2.981,1.765,1.577,-3.228,2.311,0.366,-1.182,-1.680,1.000
2.487,5.127,-3.631,-2.051,-0.158,2.720,2.261,-1.931,-0.680,0.173,0.871,0.000
0.948,-0.273,-0.661,-1.825,-1.937,-1.096,2.210,-0.948,0.789,-5.224,0.657,0.000
-0.657,1.616,-2.866,-2.158,0.410,1.719,0.212,-3.001,0.312,0.849,2.639,0.000
1.602,3.363,-0.749,-2.185,2.710,2.951,4.399,-2.923,1.710,2.586,0.011,0.000
-1.657,-5.668,0.861,-1.105,-1.172,-0.067,1.713,1.550,-1.506,-1.057,-0.756,0.000
-1.902,-0.032,-1.053,-1.838,-0.838,-0.640,1.582,-1.186,-1.530,0.968,-0.165,0.000
-3.587,-0.433,-1.143,1.510,-1.566,-3.452,-3.528,-0.135,0.229,6.353,-3.236,1.000
3.531,1.271,5.140,1.502,1.232,-1.453,3.517,-1.406,0.574,-3.880,2.363,0.000
0.273,-1.831,2.133,2.357,1.069,-2.581,0.847,-1.531,-0.129,-1.408,-0.228,1.000
0.618,-1.599,-1.550,-3.380,-2.392,-1.672,-2.195,4.310,-2.060,3.205,-3.747,0.000
-1.988,0.460,-3.278,-1.975,-0.593,1.119,0.051,-5.049,0.026,2.873,1.924,0.000
1.144,-0.816,0.277,-0.398,-0.688,-1.110,2.300,-4.184,-2.071,0.223,0.834,1.000
1.479,2.265,1.278,-0.291,-0.739,-0.584,1.654,-1.893,-3.270,-1.381,-1.376,0.000
2.370,-0.319,-1.143,-3.306,1.313,0.665,-1.209,-0.611,3.449,1.748,0.304,1.000
-2.228,-1.071,-0.259,-2.734,-0.376,-0.492,-3.403,-5.356,3.496,0.913,3.937,0.000
1.281,-0.011,2.378,-2.836,-0.574,2.277,1.682,-1.145,5.775,0.837,-1.515,1.000
0.970,2.934,-4.383,-0.115,0.005,2.058,4.234,0.796,-2.244,3.564,-4.055,0.000
0.254,1.610,-0.114,-1.019,-1.343,2.909,1.733,1.262,-1.438,0.820,-2.499,0.000
1.956,-1.425,-0.136,-1.291,-1.535,-1.626,-2.164,1.234,0.352,1.007,-1.409,0.000
-2.410,-0.002,-3.135,-0.902,-0.921,1.205,-1.559,-4.343,1.085,3.087,3.021,0.000
1.098,-1.150,0.895,2.818,1.554,-2.617,1.001,0.601,0.589,-1.901,-1.112,1.000
0.347,-1.511,-0.441,0.429,-0.963,-1.479,-1.659,-1.831,-0.077,0.404,-0.529,1.000
-0.808,-0.027,0.089,2.707,2.825,-1.304,-0.511,1.287,-0.566,-2.485,0.380,1.000
1.311,-1.922,-1.698,-4.395,2.406,1.179,-0.136,0.286,3.280,0.464,0.005,1.000
-2.525,0.003,-0.307,-1.123,-0.990,-0.819,-1.493,0.002,1.549,0.546,0.827,0.000
0.042,2.003,-1.971,-1.648,-0.990,0.344,-1.183,-5.116,1.719,1.786,2.611,0.000
-0.838,-0.666,-2.682,-1.986,0.083,-0.176,-2.983,-3.408,0.799,1.698,-0.972,0.000
2.485,-3.017,1.411,-0.759,0.606,-1.394,-0.258,1.341,0.416,-3.005,1.792,0.000
3.948,-0.196,-0.012,-1.139,-1.220,1.017,-2.094,1.115,3.148,0.930,-0.315,1.000
-0.372,-2.477,0.708,4.670,-0.015,-4.473,-1.235,-6.578,-0.342,1.075,-1.135,1.000
1.289,-0.455,-1.229,-0.662,-0.984,0.426,0.187,-2.017,-2.299,0.103,0.550,0.000
-0.119,0.435,-2.369,-1.770,0.534,-2.377,0.354,-1.185,2.390,3.172,0.654,1.000
2.658,0.018,0.654,-2.200,-0.389,-1.778,-3.016,2.879,-2.430,2.684,-2.112,0.000
2.957,0.911,-1.121,-3.633,2.462,1.258,0.291,-2.433,4.545,0.273,-2.075,1.000
0.387,-1.092,-1.865,0.358,-2.667,-3.947,-0.988,-2.943,0.965,-1.011,1.516,1.000
-1.396,0.312,0.687,-0.533,-2.832,2.249,-4.282,-1.661,2.090,0.356,2.994,0.000
-0.250,0.677,-3.119,1.122,0.182,-0.391,0.008,-0.532,-2.100,0.286,0.704,1.000
2.837,1.100,-1.380,-3.276,-1.666,-0.467,-0.375,2.508,-1.006,0.045,-1.161,0.000
0.826,-3.464,-0.391,-1.010,0.543,2.516,1.653,-0.177,-5.423,-1.486,0.978,0.000
-0.175,0.022,-0.101,4.455,-1.316,-3.220,-3.694,-3.826,0.948,4.664,-2.249,1.000
-2.217,-0.998,-1.712,-4.498,1.767,-1.781,-1.065,-5.531,3.574,1.203,1.510,0.000
2.491,0.322,-0.172,-1.472,-1.852,-3.680,0.178,3.276,1.828,-0.182,-0.635,0.000
2.140,-0.099,0.085,-0.054,1.446,-3.460,2.344,-3.054,0.755,0.461,-0.541,1.000
0.371,-0.669,2.048,0.498,-0.656,-1.391,1.976,1.544,-1.561,1.155,-1.776,0.000
-0.067,-0.125,-4.498,-2.156,1.537,-0.126,1.697,-4.969,-0.547,3.431,0.015,0.000
-1.754,0.907,-2.109,0.907,-4.269,-0.790,-5.209,-3.151,2.450,2.587,2.294,0.000
-0.673,1.513,2.609,-1.176,-2.737,0.605,-2.644,2.790,1.244,-2.035,-1.157,0.000
-1.467,-1.018,-2.620,-2.202,1.836,-0.939,0.542,-2.661,1.798,1.835,1.904,0.000
0.142,-5.050,-3.324,-4.570,-3.871,0.475,0.569,3.398,-2.585,-0.214,-1.949,0.000
1.446,-2.180,2.660,1.722,1.297,-1.141,3.912,2.231,1.148,-2.905,2.261,0.000
-3.635,-1.930,1.168,-1.190,-2.675,-0.546,-4.321,-1.104,2.481,0.271,2.324,0.000
1.234,-1.444,1.563,-0.626,-1.849,0.911,1.693,-3.370,-2.194,-2.535,-0.615,0.000
-2.995,-3.537,0.638,0.568,-2.036,-0.789,-3.170,0.618,1.528,3.001,0.993,1.000
4.336,0.013,0.488,-5.601,1.289,4.705,1.389,-1.813,6.621,-1.502,0.017,1.000
-0.361,-0.918,2.281,1.718,-0.809,-3.870,0.948,3.056,1.850,2.749,-2.097,0.000
-0.046,2.601,-2.506,2.759,2.785,-0.142,1.278,1.263,-1.594,-1.799,0.873,1.000
-0.921,-3.345,3.527,4.760,-0.751,-1.507,1.424,-2.771,1.472,-2.978,-1.346,1.000
-0.444,-1.847,-2.172,-3.048,-0.078,1.636,-3.288,5.385,2.139,3.441,-0.295,1.000
0.942,-1.949,0.844,-0.799,-1.276,1.141,-1.630,-0.607,3.198,-0.443,0.432,1.000
1.801,-0.729,-2.823,-1.192,-1.525,-0.949,-2.287,-0.575,1.237,0.119,0.502,1.000
-3.802,-0.329,0.517,2.098,-3.311,1.073,-4.567,2.190,2.996,2.477,0.853,0.000
-0.300,0.661,-3.188,0.968,1.064,-6.049,-2.370,-5.309,-1.881,0.686,-3.065,1.000
-1.661,-0.196,0.720,-2.851,-0.268,-0.180,1.766,-0.758,-1.185,-0.150,-0.873,0.000
-2.571,0.312,-1.208,0.392,0.117,-0.302,0.247,-1.508,2.204,3.608,1.885,0.000
1.040,0.072,3.207,0.669,2.815,-2.470,6.918,-4.850,-2.326,-0.233,1.159,1.000
5.004,-0.751,1.431,-1.002,-3.373,0.099,1.605,-1.790,-2.653,-1.165,-0.005,1.000
2.688,-0.094,0.488,0.314,1.039,-3.813,1.080,-1.847,0.586,0.883,0.174,1.000
0.099,-1.071,-0.579,3.587,-2.522,-4.133,-2.048,-5.434,-0.164,0.498,0.699,1.000
-2.200,-0.895,2.299,-2.037,0.827,0.840,-1.120,-3.318,3.141,1.276,2.932,0.000
-0.823,1.492,-3.203,-0.974,-0.704,-0.155,-1.590,-3.120,0.512,1.821,1.119,0.000
-2.146,2.271,-0.506,2.485,-5.079,1.599,-5.629,1.747,1.631,0.284,4.047,0.000
1.463,-0.142,0.715,-0.624,-1.918,1.676,2.732,-3.767,-3.462,-1.352,1.280,1.000
-1.377,-5.250,4.841,2.792,-0.543,0.159,-0.295,-1.953,1.282,-3.241,-3.535,1.000
1.166,-0.402,-4.175,-4.798,0.775,-0.778,-2.122,0.985,0.205,2.238,0.207,1.000
-0.865,-2.343,0.556,-1.665,0.508,-0.995,2.019,0.611,-0.975,-0.300,-0.416,1.000
1.873,-1.373,-0.681,0.328,-0.870,-0.478,0.854,-1.818,-2.128,1.650,4.792,1.000
-0.049,0.614,-1.583,-2.522,0.811,1.729,-2.073,-6.189,4.433,2.113,4.039,0.000
0.709,-0.207,-2.688,-6.419,-0.167,0.485,-1.501,4.365,2.215,2.510,-0.203,1.000
-1.421,-3.679,4.058,1.213,3.369,-2.882,-0.152,-2.303,2.158,-3.689,-2.582,1.000
0.600,-0.764,-1.533,-1.749,2.451,-1.315,0.468,2.522,1.297,2.044,-0.995,1.000
-0.488,-0.473,-2.684,-2.829,1.405,-1.150,-1.434,-2.119,0.719,2.465,-2.581,1.000
1.878,-2.791,2.521,-3.708,-1.797,-0.077,0.557,3.723,0.346,-0.361,-1.528,0.000
1.606,-0.149,-2.528,1.133,2.309,-3.470,-2.318,-2.244,-2.349,3.433,-3.150,1.000
-1.605,0.499,-3.739,-1.189,-2.010,0.242,-1.265,-2.615,1.770,2.480,1.485,0.000
0.980,0.429,-0.123,0.289,1.642,-3.338,0.882,-1.157,-1.431,-1.112,-1.993,1.000
-1.339,-0.129,0.878,-2.067,-1.429,-0.925,-0.111,4.197,-3.498,-2.684,-4.110,0.000
2.957,0.403,-1.101,-2.168,-0.548,1.411,6.265,-4.860,-3.608,1.486,4.257,1.000
-1.842,-0.594,1.444,1.750,-1.234,-1.089,2.365,-0.598,0.483,-1.960,-3.001,0.000
0.054,-5.086,1.874,1.836,2.689,-0.880,-1.350,0.506,2.003,1.888,-2.672,0.000
-0.933,1.557,-1.569,1.324,-0.720,1.228,-1.936,-4.912,4.553,6.089,1.755,0.000
2.061,-3.848,-0.300,-1.649,-4.915,-1.166,-1.631,-3.609,-0.695,-0.091,-1.203,1.000
1.661,-0.807,-0.109,0.239,-2.724,1.853,1.753,-1.741,-3.633,0.224,1.338,1.000
-3.105,1.518,-1.145,0.817,-2.676,-0.769,0.671,-1.175,0.310,3.919,-0.264,0.000
0.557,-0.694,-2.498,-1.089,-2.601,-2.031,1.601,0.975,1.710,-2.751,-0.458,0.000
-4.337,-2.092,-2.009,-0.066,-2.240,-0.275,-1.570,-3.799,0.290,4.438,1.299,0.000
1.451,-3.059,4.165,-0.331,-1.699,-0.865,1.084,0.086,-1.045,1.161,-1.640,0.000
1.224,-1.521,5.674,2.642,1.435,-1.643,2.678,-0.488,0.430,-2.398,0.696,0.000
2.765,0.480,0.155,-1.113,-0.109,-1.964,3.463,-3.544,-2.142,-0.655,-0.457,1.000
-0.367,-1.319,-2.665,-1.383,-0.194,1.598,4.868,3.678,-6.255,0.689,0.136,0.000
2.399,2.380,-1.739,-1.095,1.979,-3.184,1.276,-3.984,1.292,3.343,-3.100,1.000
-2.433,-0.720,-2.751,0.361,-2.716,1.759,-6.475,-5.444,5.492,4.898,2.913,0.000
0.672,-1.430,-0.889,-3.616,1.506,1.660,-1.029,-1.017,1.528,0.647,-1.021,1.000
2.036,-1.234,-1.357,-1.122,2.016,-2.301,0.966,-1.482,0.482,-0.954,0.082,1.000
1.498,-2.325,-1.022,-1.003,-0.536,2.129,1.481,-0.529,-5.844,-0.586,-0.173,0.000
2.712,-1.483,0.714,1.850,2.833,-2.774,1.483,0.349,0.311,1.810,0.380,1.000
-0.860,2.184,-0.674,-0.726,-1.477,0.756,-0.997,-0.858,2.189,1.112,1.287,0.000
2.371,1.511,-2.706,-2.788,3.079,-2.239,-0.466,0.138,1.754,3.837,-3.178,1.000
-1.751,-3.933,2.963,0.760,0.788,-1.049,-0.502,0.405,0.773,-2.131,-1.162,0.000
0.243,0.881,0.293,-1.580,1.937,-0.118,-1.161,-1.358,-5.912,-3.583,-0.410,0.000
2.573,3.361,-1.814,-0.276,0.316,-0.189,2.507,0.232,-4.764,-0.725,-1.446,1.000
-1.439,-2.218,0.289,1.034,-0.300,0.848,-1.372,-0.743,-1.181,-2.108,0.074,1.000
1.638,2.158,-1.903,5.130,1.099,-0.043,3.373,2.640,-3.209,2.474,-1.185,1.000
-1.097,0.279,0.737,-3.337,-0.386,-0.222,-3.778,-0.166,0.015,-3.828,1.683,0.000
1.259,-3.373,2.254,1.886,-0.897,0.512,2.266,-2.200,-1.139,1.505,-0.028,1.000
-1.228,2.788,0.127,0.039,-1.761,0.423,-2.611,0.545,1.580,-0.299,2.014,0.000
0.090,-1.635,1.930,-0.608,0.429,-1.800,0.095,-0.778,-2.580,-1.998,0.196,0.000
-1.994,0.772,-0.158,-1.232,-2.170,0.891,-2.896,-1.593,2.696,0.850,1.803,0.000
2.348,0.212,0.443,1.084,-2.392,-0.635,-1.448,-2.715,2.391,-0.052,-0.967,1.000
-0.455,-1.104,-3.678,-3.645,4.215,-1.863,-0.818,0.024,-1.257,1.914,-1.691,1.000
-0.162,3.179,-2.941,-1.744,-1.455,1.195,-0.219,0.261,-1.364,-0.707,-0.423,0.000
1.741,0.968,-0.479,-1.019,-1.719,-1.044,1.777,1.863,-1.649,0.756,-1.658,0.000
2.020,-0.580,2.147,2.237,2.209,-3.435,-0.435,1.403,0.021,-2.062,-3.841,1.000
2.297,-3.475,-0.670,3.093,6.555,-5.729,-0.455,-2.433,-4.387,1.085,-0.227,1.000
-0.951,-2.019,-1.177,0.889,-0.687,-2.100,-1.625,-5.507,-0.128,1.099,-2.767,1.000
-0.404,-1.292,-0.073,-3.591,0.997,1.215,0.042,-2.244,0.656,-0.380,0.952,0.000
1.985,1.918,-1.264,-2.006,-2.800,-1.733,0.296,-3.508,2.053,-0.015,-1.019,1.000
0.478,1.577,-2.151,-1.927,-0.154,3.119,-1.123,-0.048,0.559,0.254,-0.940,0.000
1.847,-0.762,0.373,0.068,1.141,-1.117,0.272,-0.689,1.114,0.068,-1.141,1.000
1.145,-1.720,3.042,1.211,1.925,-3.068,1.147,3.106,1.283,-2.502,1.281,0.000
-0.259,0.092,-1.845,-1.995,-1.432,-3.996,2.662,-0.901,3.068,0.942,3.194,1.000
2.717,-4.166,4.693,2.106,0.847,-0.856,8.088,-5.154,-0.721,4.282,0.732,1.000
2.363,3.312,-0.153,-1.152,-1.559,4.158,-1.328,1.929,0.992,-1.951,1.033,0.000
0.116,0.515,1.352,5.437,0.964,-0.272,2.124,0.149,-1.021,-2.058,0.785,1.000
0.611,0.691,-1.009,1.783,4.966,-1.332,-1.697,2.980,0.929,-2.059,-3.575,1.000
-1.037,-2.044,0.233,1.206,2.588,2.622,-1.402,1.936,-0.905,0.416,-6.479,1.000
-0.916,-0.677,-2.960,-0.845,-0.486,-1.049,0.850,-2.857,1.382,3.657,0.460,0.000
0.131,-1.546,-4.601,-6.944,2.386,1.106,-1.944,0.215,1.527,-0.566,-1.211,1.000
-3.502,-3.414,-1.107,3.094,2.355,-3.044,-4.027,-1.424,-1.494,3.418,-1.105,1.000
3.066,0.355,0.537,-3.160,-0.389,0.496,3.657,1.504,-3.823,-3.577,1.409,0.000
1.571,-1.102,-0.818,-0.404,-0.089,-0.174,-2.761,-0.323,4.451,1.953,0.791,1.000
-1.783,-5.331,1.928,0.232,2.912,0.148,-0.553,-3.685,0.228,0.038,-0.735,1.000
1.175,-0.120,3.276,-1.007,-1.954,-1.789,2.873,1.363,0.858,-1.171,-1.694,0.000
1.583,-4.340,5.388,0.251,-0.142,-5.042,-4.131,0.454,2.157,-1.613,-1.684,0.000
1.499,0.807,-2.912,-3.423,2.622,-0.095,-2.061,-0.196,1.039,3.164,-3.573,1.000
0.061,1.528,-1.798,-1.430,0.758,-4.384,2.929,-2.743,0.884,3.972,-1.579,1.000
-1.144,3.425,1.802,0.550,-1.138,1.808,2.164,2.088,0.447,0.521,1.995,0.000
-3.304,0.003,-3.765,-1.127,-2.323,-3.326,-3.474,-4.015,1.426,1.999,2.056,0.000
1.914,1.765,-3.722,-3.223,2.519,-4.396,0.881,-2.974,0.226,0.729,-1.640,1.000
0.179,1.538,-1.014,-0.630,-0.694,1.303,-1.683,-1.403,1.652,0.528,2.642,0.000
4.053,-2.309,3.566,-1.743,2.615,3.075,0.480,-0.802,2.823,-1.465,-2.581,1.000
1.495,-2.106,-1.276,-6.152,2.122,3.125,0.390,1.013,3.087,-2.172,1.632,1.000
3.692,1.297,-2.726,-3.450,1.118,-0.522,1.486,1.346,4.526,0.710,1.617,1.000
5.026,-3.130,3.588,-0.206,-1.865,-0.855,3.427,-2.366,-1.999,1.922,1.416,1.000
0.993,3.092,-0.754,0.051,1.820,1.764,1.034,1.293,-4.728,-2.091,-0.896,1.000
-0.010,-0.746,1.055,0.811,1.363,-0.977,0.929,1.390,-0.760,-1.268,0.181,0.000
-0.531,1.157,-4.536,-1.342,-1.449,-4.297,-2.462,-1.308,-1.518,2.192,-1.495,1.000
1.318,2.260,-2.710,-3.816,-1.614,0.461,-0.847,0.794,5.298,3.343,-0.364,1.000
0.449,-1.638,0.889,-2.144,3.266,2.627,0.640,-0.902,-3.205,2.249,1.305,1.000
1.033,-1.641,0.779,-1.985,1.549,-0.680,-2.723,-0.746,0.114,-3.144,-2.744,1.000
1.859,0.653,0.429,-0.352,-1.991,-2.875,1.643,0.411,2.418,-2.774,-0.394,0.000
0.742,-0.325,-0.090,3.318,1.095,-3.005,1.852,-1.438,0.778,-1.352,-1.162,1.000
2.757,0.811,-0.288,-3.755,-2.669,0.635,-0.187,0.198,-1.904,-0.092,-1.785,0.000
-0.016,4.288,-2.212,0.611,-3.438,3.052,2.214,-0.719,-1.057,2.331,1.698,0.000
0.072,0.238,1.562,-2.350,2.332,1.288,-0.783,-2.337,-1.711,-4.791,1.552,1.000
-1.100,-0.018,-2.005,-2.752,0.426,-0.592,-1.501,-2.649,3.943,3.436,-1.178,1.000
-1.148,-1.804,1.816,-0.209,-0.730,-1.988,-0.340,-2.476,-1.090,-3.760,-1.490,0.000
0.010,-4.050,3.783,0.250,-0.711,-2.853,-2.251,-1.415,1.546,-2.647,-1.481,0.000
2.007,-0.994,-1.091,-3.205,2.111,-0.031,0.521,0.643,0.464,-0.277,-1.446,1.000
-2.159,-1.502,-1.315,-2.912,-0.861,0.148,3.931,3.720,-3.306,-3.489,-1.719,0.000
2.732,0.299,4.026,2.170,-0.129,-2.367,2.106,0.350,2.510,-1.380,0.064,0.000
0.038,0.024,-2.709,-2.547,1.451,0.091,-1.594,-0.370,0.180,3.084,-3.060,1.000
1.270,2.199,-2.919,-3.479,0.068,1.095,-0.959,-6.271,2.892,0.391,4.446,0.000
-0.271,-0.248,0.308,4.329,0.851,0.064,2.337,0.546,-2.103,0.419,0.137,1.000
-0.192,-3.490,3.541,-0.608,2.485,1.669,-0.311,-1.351,-6.052,-2.477,0.011,0.000
2.432,-2.477,2.830,-0.457,-0.351,-2.344,0.152,-2.051,0.868,-3.830,-2.601,1.000
0.714,0.879,-1.660,-0.213,-1.011,4.247,-0.760,-1.466,2.558,2.876,1.320,0.000
1.772,1.223,-3.683,-2.774,-0.215,2.654,3.038,-3.092,-1.620,1.539,-0.212,0.000
-1.055,-0.755,-0.883,-0.300,-1.531,2.882,-4.025,1.981,-0.105,-0.458,0.149,0.000
-3.164,-1.410,0.310,1.899,-1.020,-1.277,-3.239,-2.143,1.424,2.886,-3.245,1.000
1.721,-1.120,2.511,2.172,3.215,-4.530,-2.104,2.476,1.649,-4.104,-3.925,1.000
-0.905,3.518,-6.891,-2.829,0.615,-1.742,-0.274,-4.955,1.252,1.594,1.889,0.000
3.154,-1.951,2.063,-1.317,3.661,0.328,1.766,2.050,2.739,1.105,-0.088,1.000
0.833,-7.507,-0.888,-1.282,0.748,-1.509,-1.064,1.053,1.301,-5.238,4.377,0.000
2.780,-0.582,2.387,0.730,-0.203,-0.444,0.012,0.059,-0.331,-4.910,-1.643,1.000
-0.656,0.402,-0.601,3.264,1.128,0.357,-1.957,3.073,-1.833,-2.062,-2.892,1.000
-0.607,-0.897,-1.955,0.340,-0.180,-4.655,-1.919,-3.364,-2.532,2.255,-2.002,1.000
-1.353,2.706,0.799,-0.297,-6.383,0.570,-0.370,2.400,-1.815,-0.761,-1.535,0.000
-0.240,2.932,-3.323,4.928,1.151,-2.063,3.818,-0.204,-2.145,0.099,2.827,1.000
0.488,2.061,2.481,3.018,0.206,-0.286,5.149,-2.297,-1.945,-2.297,-0.508,0.000
3.605,0.474,2.103,3.053,0.186,-5.184,5.389,-2.778,0.156,-2.625,0.667,1.000
-1.593,-1.268,2.090,-0.823,-3.373,2.867,-3.843,2.832,2.064,-1.210,0.832,0.000
-1.691,-0.970,-0.384,-0.987,-1.494,1.047,-0.169,-2.930,0.593,2.269,2.228,0.000
3.505,0.459,2.528,-2.258,-0.282,-0.194,0.133,0.621,-4.339,0.656,-0.651,0.000
1.967,1.186,-1.975,0.565,0.223,-3.889,-0.081,-0.280,0.824,2.537,-1.714,1.000
0.500,-0.777,4.443,2.074,-2.099,-3.935,0.904,-2.595,3.573,-2.065,-1.756,0.000
-2.602,0.976,3.011,1.395,-2.929,2.082,-0.100,2.870,1.594,1.413,1.444,0.000
-0.556,-0.533,-3.035,-3.056,-1.647,0.390,2.783,4.674,-4.391,1.639,-2.074,0.000
0.135,-3.877,4.199,-1.051,0.720,-0.865,1.179,-4.321,-0.058,-2.065,-1.624,1.000
-0.043,-0.941,0.776,4.405,-0.053,-0.597,4.737,-2.945,-0.797,0.677,-0.059,1.000
-0.817,-1.658,1.219,1.794,3.817,2.919,0.153,1.165,-1.658,1.679,-1.553,1.000
3.406,-3.742,5.938,-0.488,0.742,-2.711,3.168,-2.592,-1.449,0.867,-2.631,1.000
0.818,-0.389,-0.334,-0.373,-1.324,-0.804,-1.193,-2.219,3.094,1.033,0.103,1.000
1.231,-0.182,-2.077,3.153,1.655,-2.107,-0.770,2.290,0.663,-0.013,-2.483,1.000
2.338,-1.080,0.888,-0.309,-1.214,-0.515,0.733,-0.321,0.043,-1.631,-0.223,0.000
2.952,-2.217,2.453,2.699,0.331,-2.340,0.985,-0.320,-1.079,2.358,1.323,1.000
0.336,3.656,-2.816,-1.714,2.881,2.979,2.479,-0.209,-5.342,-0.252,-0.451,1.000
0.800,-2.503,1.962,0.535,0.093,0.155,-1.859,0.964,0.116,-4.032,-2.470,1.000
-1.335,-1.376,-0.500,1.749,0.777,-2.572,-0.703,-0.474,0.523,3.542,0.083,1.000
-1.590,4.053,2.575,2.542,-4.608,1.800,-0.613,1.541,1.457,1.372,3.194,0.000
3.681,1.691,-1.273,-4.564,-2.856,-0.656,-0.874,1.328,-2.964,0.385,-1.995,0.000
-0.192,-1.673,0.590,-0.366,-1.498,1.088,-1.410,-0.706,3.557,1.975,-0.556,1.000
0.052,1.462,-2.859,-1.733,-2.242,-0.191,-1.502,-2.116,1.143,0.964,-0.277,0.000
6.666,-1.573,1.811,-1.071,-0.087,0.358,1.759,-0.015,2.431,-4.207,2.958,1.000
-3.315,-2.021,-2.602,-2.056,1.240,-1.660,-1.606,-1.096,0.825,0.828,1.175,0.000
1.876,-2.399,-1.990,-6.128,3.527,2.997,1.064,-0.910,1.975,0.004,-0.833,1.000
2.554,0.744,2.746,-0.411,-1.162,-3.623,-3.925,-0.741,0.436,0.810,-2.822,0.000
-1.365,3.641,-5.099,0.565,1.632,2.482,2.103,-0.617,-4.887,0.941,2.278,1.000
1.652,-2.056,1.859,-3.648,-0.363,-0.838,-2.595,4.169,-4.794,2.904,-3.063,0.000
1.791,3.650,-4.519,-1.152,-1.779,3.193,2.021,-4.422,-0.263,2.191,3.863,0.000
4.991,-0.182,-1.363,0.378,-1.481,-1.879,3.518,4.092,-0.391,2.865,1.929,0.000
-3.226,-0.887,-2.633,0.033,-1.712,-1.473,-1.874,-3.214,1.945,2.674,4.977,0.000
-2.456,-1.321,-2.932,-0.613,-2.512,-0.237,-0.609,1.210,-2.671,0.343,0.467,0.000
1.979,1.883,1.825,0.331,0.054,-0.037,2.022,0.178,-2.666,0.329,-1.282,0.000
-0.895,-0.623,-3.311,-1.369,1.580,-3.417,-0.049,-2.597,-0.337,0.445,0.008,1.000
1.322,1.643,-3.300,-1.985,0.911,0.195,-3.235,-5.722,3.957,1.867,2.289,0.000
2.019,-5.429,1.989,-1.969,0.552,1.279,2.044,5.284,-3.518,1.550,0.868,0.000
-5.420,-2.946,-2.314,-0.506,-0.336,-1.732,-4.379,-3.214,2.524,3.430,2.240,0.000
-2.507,0.066,-0.897,-1.698,-0.766,-1.905,-2.133,-3.603,2.621,1.835,1.201,0.000
-1.579,-2.075,-0.656,3.510,0.760,-1.693,-1.429,-0.343,2.030,-3.031,0.460,1.000
0.617,0.088,1.928,-0.459,-1.979,-2.625,-0.615,0.026,1.312,-0.776,-2.932,0.000
2.642,1.305,-2.643,-0.448,2.560,-4.497,-0.250,-1.645,-0.731,2.838,-1.908,1.000
2.657,0.913,-1.596,-2.446,-3.546,-2.382,-2.984,0.760,0.192,2.833,-2.996,0.000
-1.110,-0.623,-0.762,-3.279,0.865,2.569,-2.479,-0.702,-2.638,-2.967,-4.478,1.000
-0.198,-1.679,-2.666,-1.260,-0.174,2.764,-3.425,-0.289,1.577,0.704,1.213,0.000
0.183,1.637,-1.816,-1.147,0.433,2.606,0.509,-1.646,1.358,1.794,1.429,0.000
-2.667,1.395,1.010,1.410,-2.972,0.339,0.103,3.161,-1.844,1.636,-2.701,0.000
-2.325,-1.048,-2.697,-1.563,0.475,1.371,-5.099,0.809,1.777,4.055,-1.268,1.000
2.281,-3.065,1.320,-0.257,2.205,1.621,-1.483,0.347,2.994,-0.520,0.180,1.000
4.719,0.554,-0.469,1.431,0.126,-0.490,3.872,0.203,-2.262,2.252,-0.141,1.000
2.513,1.722,0.071,0.242,-1.540,0.679,1.172,-2.460,-3.799,1.870,-1.187,0.000
3.814,-3.587,2.225,0.452,2.963,1.665,0.141,0.625,2.112,-2.806,-0.418,1.000
0.583,1.010,-1.647,-2.464,-3.079,0.227,1.552,3.276,-1.872,2.279,-4.223,0.000
-2.094,-2.359,0.874,-0.160,-1.266,0.625,-3.829,1.036,-0.622,1.263,-2.989,1.000
4.312,0.065,2.078,-5.730,2.341,0.018,5.349,-5.488,-4.597,2.387,1.541,1.000
1.749,-1.203,2.230,2.379,1.432,0.095,4.250,-3.700,0.271,-8.450,3.662,0.000
1.802,4.713,-1.860,-2.282,-1.893,2.653,-0.984,-4.425,0.329,-0.652,3.476,0.000
2.643,-1.757,-1.797,-6.741,3.297,2.639,0.358,-1.762,2.340,-2.342,0.921,1.000
1.741,-1.001,-2.808,-1.867,3.264,0.119,-1.294,-2.165,1.108,2.793,-1.230,1.000
2.960,0.308,-1.671,-4.638,-5.943,1.716,2.802,0.987,-3.135,1.058,-3.912,0.000
-1.748,-0.544,-4.616,-3.863,0.486,-1.247,-3.742,-4.792,0.990,1.062,-1.585,1.000
-0.367,-0.395,-2.578,-2.812,2.241,-2.537,-0.139,-0.521,-1.355,2.731,-2.927,1.000
-0.638,-1.238,3.437,2.809,4.527,-1.991,-0.704,0.986,0.626,-3.053,-3.520,1.000
1.976,0.171,0.748,0.324,3.351,-2.340,1.392,0.378,-2.364,1.659,-0.991,1.000
1.143,-1.796,-2.606,-0.800,2.660,-1.812,-1.349,-0.998,0.026,0.341,-0.084,1.000
1.705,-0.975,-2.900,-2.380,-2.801,-1.024,3.048,2.035,0.268,-1.810,1.000,0.000
-1.718,0.262,0.268,0.584,-0.177,-0.995,-1.124,-3.483,2.593,4.783,-2.051,1.000
2.270,-0.101,-0.331,-0.852,-2.536,-2.327,1.692,2.669,1.701,0.158,-1.011,0.000
0.451,-0.056,-1.541,1.988,1.013,-2.185,0.064,0.136,-0.355,-1.117,0.057,1.000
0.005,-1.042,-0.465,-4.600,0.141,1.860,2.026,-0.352,5.921,1.674,1.450,1.000
0.342,1.814,1.429,-2.773,-0.739,0.681,-2.389,0.398,2.062,-2.717,0.752,0.000
3.003,0.289,-4.302,-2.714,-1.148,-2.917,-1.995,0.898,-0.708,-0.447,0.849,1.000
-0.620,-1.945,3.914,-1.517,-0.289,-1.183,-0.415,1.339,-3.467,0.234,-3.395,0.000
1.523,-0.005,2.252,0.687,-1.123,-2.504,0.494,-0.591,0.112,-0.556,-1.287,0.000
5.328,-0.763,3.276,2.583,-0.658,-3.264,-1.481,0.355,2.988,1.301,-0.152,0.000
-2.502,-2.731,-3.165,-2.050,-0.018,1.043,-4.945,-4.329,2.932,2.701,1.088,0.000
-0.553,-0.077,-1.642,-1.719,-1.235,-0.791,-1.296,1.646,0.709,-1.226,0.499,0.000
4.036,2.509,-2.631,-1.750,0.525,-5.308,3.044,-3.466,1.692,0.922,0.795,1.000
2.271,-2.571,1.679,0.847,-0.362,-1.648,0.357,-1.334,0.112,-0.501,-1.034,1.000
0.439,-2.909,-1.245,-1.483,3.548,1.882,-4.416,0.478,1.626,3.105,-1.972,1.000
2.362,4.123,-3.188,-2.463,0.454,-0.370,3.617,-4.836,-0.050,1.206,2.037,0.000
1.365,-1.719,-0.239,-0.955,2.033,-2.548,2.471,-3.302,-0.892,-2.365,0.963,1.000
-1.364,-2.050,-0.946,1.921,-0.607,2.501,-1.657,-0.286,-0.511,-1.084,-2.107,1.000
-0.952,1.207,-3.711,-0.137,0.342,1.122,1.923,-0.561,0.661,3.292,0.619,0.000
-0.565,-6.392,3.725,0.832,-1.114,-3.354,-0.086,-5.900,2.744,-0.525,-2.702,1.000
3.491,0.291,-0.668,-3.187,-0.422,-0.306,3.523,-3.726,-4.510,3.274,-0.089,1.000
1.527,-3.030,7.478,3.451,2.327,-2.817,0.914,-3.197,1.347,-5.332,2.034,0.000
1.257,-2.819,0.052,-2.649,4.877,0.344,0.776,0.273,2.664,0.518,-2.065,1.000
1.506,-2.205,-2.148,-1.571,-1.138,0.099,1.661,2.712,-1.059,-0.914,0.481,0.000
1.031,-3.300,4.095,2.798,0.973,1.486,3.890,-1.712,-1.211,1.484,-0.222,1.000
-1.005,0.671,-3.193,-1.513,-0.134,0.706,-1.090,-7.087,1.125,3.321,3.687,0.000
1.088,0.856,-2.347,0.902,-0.669,-3.076,-2.077,1.425,-2.219,-0.744,-4.137,1.000
-2.291,1.734,-0.870,-0.142,-2.989,-0.385,-1.914,-1.579,-0.344,1.709,-0.482,0.000
-1.883,-2.418,0.881,-3.751,0.903,-0.717,-3.182,-3.545,2.806,-1.132,3.391,0.000
2.091,5.220,-0.299,-0.493,-1.638,3.551,1.221,1.109,-1.046,-1.007,0.925,0.000
3.607,-1.883,2.619,-1.441,1.846,3.280,0.608,1.987,3.336,1.285,-0.695,1.000
-0.042,-1.016,0.127,2.781,0.881,-3.230,-2.518,0.177,-2.072,4.091,-2.658,1.000
3.549,-0.285,-1.029,-3.010,-4.527,1.271,3.794,-1.550,-4.381,-0.994,-0.970,0.000
4.322,1.267,-0.804,1.333,0.348,-4.227,6.659,-3.653,-2.557,3.717,3.711,1.000
2.673,-2.495,2.902,1.523,0.847,-1.193,2.190,-0.942,-0.499,0.661,-1.483,1.000
0.067,-2.225,-1.105,-5.053,-2.555,1.051,3.446,2.639,-4.478,-3.122,-1.319,0.000
5.203,0.042,-0.885,-1.447,2.517,-0.600,0.221,-2.643,1.312,-0.309,-1.429,1.000
2.021,0.101,1.633,1.720,2.181,1.036,1.699,0.265,-1.174,-0.716,1.576,0.000
0.236,-5.224,3.611,0.374,2.305,-3.717,-1.178,-1.622,2.660,-1.234,-3.772,1.000
4.327,0.197,-0.403,-3.052,-0.960,1.216,0.802,-1.292,5.937,-2.215,2.062,1.000
0.334,0.325,-3.299,-0.619,-2.010,-3.141,-3.074,-5.568,-0.171,2.071,-1.533,1.000
-0.518,1.589,-2.017,-2.360,-3.710,-0.892,-0.099,1.195,-3.020,2.434,-5.665,0.000
-1.933,-1.858,-0.420,-0.316,-0.760,0.880,1.166,0.345,-1.670,-0.240,-1.965,0.000
-1.634,0.467,-2.249,1.308,1.726,2.223,-1.117,0.745,-1.768,-2.051,2.110,1.000
0.607,-0.287,1.965,-0.690,2.414,0.835,2.735,-2.024,-3.741,0.757,-0.170,1.000
-0.619,0.773,1.993,-2.630,-2.626,-0.688,2.339,1.080,-1.455,-0.477,-3.809,0.000
4.221,0.840,-0.018,-1.497,0.112,-1.641,0.992,-2.564,3.503,0.872,0.518,1.000
2.974,-2.346,-1.549,1.003,0.975,-0.996,1.501,2.616,1.721,-1.370,3.998,0.000
1.359,0.228,-2.806,1.020,-2.014,-2.101,-1.268,-0.727,-1.260,-0.820,0.342,1.000
3.753,1.217,2.944,0.830,-2.683,-1.618,1.815,-1.292,-0.127,1.337,-1.783,0.000
-0.219,2.891,2.613,0.661,-0.468,-1.133,1.867,-1.150,-1.277,-1.313,-3.093,0.000
2.303,-1.653,1.922,4.314,-0.541,-3.706,0.807,0.169,0.951,-2.083,0.448,1.000
4.632,1.070,-0.929,-0.421,-0.559,-2.884,-0.384,3.567,-1.238,2.592,0.342,0.000
0.751,-1.432,1.681,1.374,1.414,0.453,5.019,0.771,-1.412,-2.736,2.566,0.000
2.628,-0.280,-0.298,-0.120,2.155,-2.223,1.817,-4.663,2.100,-0.554,-1.815,1.000
0.907,-0.889,0.291,-2.952,0.851,2.237,-2.265,1.139,0.970,-2.809,1.230,0.000
1.229,2.317,-2.032,-1.057,2.475,-0.574,0.250,0.853,-3.691,-0.812,1.462,1.000
-0.117,-0.987,2.246,2.228,0.958,-1.051,0.909,-1.939,0.767,-5.377,1.096,1.000
-2.067,-6.348,1.847,-2.451,-0.692,-0.207,-1.428,-0.299,-0.610,-4.408,-0.929,0.000
-1.822,-3.573,1.801,-3.427,3.356,-0.795,-5.787,-0.345,0.373,-2.742,-7.505,1.000
2.697,-0.422,0.936,-3.087,-4.081,-1.975,0.315,2.141,0.030,0.485,-3.335,0.000
1.492,-3.109,-0.405,0.876,2.788,-0.123,-3.135,-1.340,0.277,-1.478,-0.255,1.000
1.323,-0.269,1.977,0.501,-0.278,-2.923,-2.350,0.263,2.020,-0.504,-1.562,0.000
-0.290,4.162,-3.786,0.413,-2.259,1.787,0.993,0.142,-1.927,1.622,0.324,0.000
-0.462,-4.178,1.433,-3.422,-3.559,-0.423,-0.041,-0.143,1.083,-3.944,-2.763,0.000
-2.643,-4.143,2.835,0.802,0.083,-1.305,0.158,0.718,2.604,-2.626,-1.638,0.000
2.180,-1.182,2.803,0.737,1.189,-0.002,3.026,-2.421,-0.853,-1.060,-1.556,1.000
1.762,-0.791,-0.606,-1.331,-0.207,-0.196,2.362,2.427,-2.550,-0.871,0.647,0.000
2.006,0.748,-3.253,-1.179,-2.178,0.906,1.890,-0.739,-2.426,-1.325,-0.259,0.000
0.246,2.144,-0.765,-2.981,-0.196,0.440,-1.432,-0.345,2.598,-1.159,-0.251,0.000
-1.636,-1.385,0.414,-1.760,0.603,0.823,-2.114,-1.216,3.712,1.015,1.808,0.000
-0.816,-1.801,-0.680,0.147,0.101,-1.115,1.067,1.267,0.769,-3.305,-0.076,0.000
-1.995,-1.418,0.561,-1.128,-2.819,2.905,-4.986,-0.041,3.259,0.562,0.757,0.000
2.401,-1.721,0.762,2.837,-0.516,-1.724,-2.172,0.488,0.664,-0.782,0.842,1.000
1.370,0.949,1.727,0.778,-0.368,-2.498,-0.300,-3.038,-0.447,-3.683,-0.587,0.000
0.529,2.410,-3.209,-3.633,1.897,0.214,1.640,-2.071,-0.587,-0.771,0.521,0.000
-0.152,-3.016,1.738,-0.521,1.412,-1.799,2.808,-4.794,0.500,-0.703,0.041,1.000
-2.226,-5.375,1.548,-0.306,1.621,-1.533,-3.478,1.515,-1.914,-0.127,-1.343,0.000
-4.020,-0.340,-1.229,2.081,1.716,3.049,-2.374,-0.645,0.219,-5.709,1.415,1.000
-0.767,0.012,-1.626,0.305,-1.706,-2.800,-1.996,-1.833,-0.109,2.798,-2.124,1.000
0.429,-2.908,4.445,-0.139,3.769,-3.403,2.658,-4.174,0.321,0.168,-3.581,1.000
-0.456,-0.412,-1.723,-4.059,1.435,1.164,0.669,-2.508,0.892,0.752,-1.514,0.000
-0.457,-4.825,5.413,-0.991,3.826,0.020,0.226,-2.266,-0.243,0.372,-3.538,1.000
3.664,0.853,-0.600,1.326,-0.482,-1.853,-1.393,2.988,-1.859,-2.287,1.366,1.000
1.161,0.677,-2.822,0.936,-0.994,2.182,-1.695,2.926,-3.657,0.481,-1.947,1.000
1.997,-1.226,3.827,-1.599,1.056,-2.567,-3.348,4.454,-0.529,3.822,-1.714,0.000
0.327,0.656,2.046,3.843,0.703,-0.649,6.215,-3.204,-2.745,-0.329,0.795,1.000
2.541,-0.135,-3.330,-5.223,-3.198,0.131,6.432,4.448,-2.810,-3.763,1.319,0.000
3.388,0.907,-1.257,2.266,1.172,-4.473,1.134,2.276,-2.966,4.026,-2.923,1.000
3.710,0.110,-0.515,-3.903,-1.273,1.361,2.132,0.461,3.606,-1.609,0.539,1.000
0.357,-3.981,2.637,2.761,2.847,0.735,2.364,-1.962,0.994,2.791,1.270,1.000
-1.279,-1.176,1.284,-0.264,-0.748,3.792,-5.563,2.199,4.894,-0.108,2.011,0.000
-0.596,-3.384,0.135,2.015,3.010,-2.157,-2.413,0.592,-1.783,1.495,-2.650,1.000
-2.012,-0.243,2.028,-0.358,-1.150,2.762,-3.620,0.351,4.138,1.298,0.847,0.000
-2.053,-1.609,-1.407,-3.598,-1.813,2.672,-3.567,-1.277,4.569,1.221,-0.537,1.000
3.515,-3.298,1.323,-0.358,-0.564,-0.908,1.047,0.060,1.204,-3.010,2.596,0.000
2.158,2.260,2.638,-2.483,-2.822,-2.705,-1.994,1.105,0.221,1.322,-5.058,0.000
1.301,0.694,0.219,0.283,1.280,1.731,0.516,-0.309,-2.417,-1.645,0.571,1.000
0.903,-3.456,1.023,0.084,2.866,1.253,-2.630,-0.154,-1.393,-0.247,-4.386,1.000
2.205,-1.575,-1.698,0.285,-1.698,-1.140,-2.010,-2.492,3.799,-0.242,2.709,1.000
-1.714,-2.203,-0.635,-0.283,1.258,-1.538,0.277,-1.101,-0.736,0.540,-0.344,1.000
0.532,-1.693,3.136,2.216,1.834,-2.744,0.095,-0.032,0.141,-2.621,-4.921,1.000
-0.686,0.591,0.243,-0.389,-1.284,2.970,-0.032,-2.672,2.330,2.221,4.383,0.000
-0.496,1.639,-2.915,-2.661,-1.029,1.065,-0.139,-2.365,0.081,0.364,0.774,0.000
3.871,-0.109,2.914,3.773,0.978,-4.372,-0.038,0.622,1.578,0.512,1.133,0.000
-3.849,-0.284,-3.006,1.916,-1.337,0.709,-1.141,-3.020,2.746,5.723,4.435,0.000
0.949,0.915,1.223,-0.568,-0.119,6.748,-3.381,0.588,4.294,0.407,2.426,0.000
1.366,0.384,-2.845,-3.947,2.019,-0.341,-0.764,-1.661,1.224,1.470,-4.092,1.000
-0.211,0.942,-0.485,-0.377,1.790,-0.240,-2.522,1.644,-1.356,-5.692,-1.507,1.000
2.354,-0.809,-2.266,-1.419,-2.447,-0.859,0.777,3.073,-1.975,2.584,-1.489,0.000
1.643,2.325,-3.020,-4.033,1.735,2.992,0.011,-1.037,-0.988,-1.060,-2.802,0.000
0.936,-1.039,-1.142,-4.991,0.234,3.110,-1.061,-2.429,4.157,0.203,-0.737,1.000
-2.111,-1.048,0.400,1.002,-1.512,1.814,-1.038,0.355,0.788,3.324,-0.657,0.000
0.266,1.068,-1.259,-1.588,-1.944,1.186,-2.521,-2.553,1.142,0.003,2.213,0.000
3.835,-2.892,4.813,-1.735,0.828,-3.618,1.656,-3.086,0.174,-2.053,-2.427,1.000
0.248,-2.310,-0.345,-0.146,0.062,0.380,2.534,1.677,-0.289,-2.531,0.730,0.000
-1.061,-4.260,0.968,1.446,2.526,0.675,-2.912,1.396,2.303,-1.988,-1.145,1.000
-0.441,-1.683,-0.884,-1.943,6.409,0.872,-0.844,-4.435,0.456,2.406,-5.677,1.000
-0.810,0.182,-1.809,-2.676,0.837,-0.284,0.818,-0.233,-1.830,-1.146,0.543,0.000
-2.447,1.208,-2.318,0.876,-1.459,-0.196,-0.175,-1.548,1.508,3.461,2.619,0.000
5.654,-2.576,-1.233,-2.560,3.386,1.195,0.291,2.009,2.341,-2.467,2.045,1.000
0.070,-1.832,2.914,4.673,2.200,-1.613,1.082,0.491,-0.392,0.317,-1.393,1.000
1.826,-0.025,1.071,1.654,-1.207,-0.129,-2.301,-1.290,2.631,1.662,-1.755,1.000
2.293,-0.226,-2.655,-0.660,0.937,-2.755,-1.522,1.686,-1.530,-0.132,-1.533,1.000
0.592,2.339,1.378,-0.410,-1.691,-0.733,2.166,0.623,-0.539,0.328,-3.108,0.000
1.544,-1.119,0.140,-1.304,1.173,0.114,-1.419,0.193,1.666,1.109,-1.813,1.000
1.736,-0.059,2.806,1.705,1.069,-0.389,3.428,0.526,-1.221,-1.898,0.667,0.000
0.356,-1.645,-2.281,-4.415,0.227,1.057,-2.703,-4.496,-0.058,-1.640,2.913,0.000
-1.247,3.175,-0.377,0.939,-3.007,2.501,0.024,-0.763,1.091,1.595,4.644,0.000
0.817,-3.911,1.857,-0.175,0.227,2.129,-1.076,0.616,5.307,-0.170,2.692,1.000
1.247,-2.393,2.204,-0.070,0.971,-2.283,-0.588,-1.653,0.518,-2.253,-2.299,1.000
-0.651,-0.689,1.150,3.503,-4.166,-2.601,-2.078,0.766,1.749,2.550,1.608,1.000
1.446,-3.261,5.788,-0.500,1.240,-0.549,3.012,-3.402,-1.751,-0.754,-1.374,1.000
-1.560,-0.056,-1.571,-1.323,0.236,1.055,-0.787,-5.200,3.586,3.550,3.556,0.000
2.029,0.666,0.412,0.080,1.728,-0.247,3.116,-0.611,-2.770,0.315,-3.840,1.000
1.291,-4.284,-0.255,1.502,4.882,-1.099,-2.626,0.561,0.052,1.693,-0.428,1.000
1.982,-3.008,1.483,-1.786,-0.779,0.802,1.046,0.486,2.910,-2.586,1.972,1.000
3.812,-0.841,-1.426,-7.423,1.012,4.694,0.831,0.397,5.585,-4.349,0.683,1.000
0.745,-0.588,1.292,1.379,2.663,-2.740,0.064,-0.412,0.111,-1.661,-3.120,1.000
3.744,0.499,0.669,1.717,0.196,-4.648,1.882,-0.578,-1.593,0.195,-0.658,1.000
2.550,-1.937,-1.117,-3.209,-1.100,-0.043,1.577,5.475,-2.637,-0.445,-0.636,0.000
-2.021,2.472,-0.697,0.722,-0.614,1.142,0.590,-1.895,1.967,4.004,0.959,0.000
3.889,0.933,-2.266,-1.365,3.538,-1.125,-0.464,-3.785,2.146,2.849,-2.635,1.000
1.459,-3.361,0.094,-0.038,0.904,0.698,-2.823,1.849,0.894,0.289,0.275,1.000
0.305,-2.045,1.372,0.120,5.440,-4.714,-0.962,0.476,0.573,0.547,-1.778,1.000
1.516,-1.093,0.211,-1.810,-2.022,-2.459,-2.927,0.513,1.399,-0.399,-2.042,0.000
-0.009,-1.836,3.554,5.139,2.449,-3.463,-1.239,-0.931,-0.781,3.798,-3.413,1.000
1.067,1.599,-1.800,-2.208,2.469,-3.798,1.698,-1.272,0.548,2.249,-1.018,1.000
-2.538,-2.937,-0.717,-6.319,2.305,-3.150,-2.317,-6.651,1.133,-1.883,2.908,0.000
0.082,2.874,-1.046,-1.670,0.545,1.865,1.771,1.450,-0.482,-1.797,3.027,0.000
0.531,-0.040,0.589,-2.233,-0.205,1.781,0.924,1.406,-3.904,-0.631,-2.231,0.000
-1.126,-2.431,0.867,-1.304,0.559,1.572,-2.596,-3.278,2.032,0.237,-3.276,1.000
0.403,-1.390,1.491,2.383,1.350,-2.039,-2.085,1.080,0.758,-3.445,-2.378,1.000
-1.293,1.866,1.102,0.599,-1.761,0.908,-1.600,5.823,-0.036,-1.563,-1.173,0.000
0.371,1.529,0.186,-2.623,-2.468,1.537,-1.189,-0.980,-0.876,-1.350,-0.713,0.000
-0.450,1.059,0.056,-1.549,-1.271,0.043,-1.308,-0.436,-0.187,-1.097,1.227,0.000
-4.259,-2.455,1.011,2.375,4.021,-0.261,-0.419,-2.141,2.341,-4.310,-0.712,1.000
-2.998,1.187,-1.084,0.226,-1.615,-2.601,-2.696,1.621,1.905,0.198,1.341,0.000
-0.775,-1.113,-1.209,-3.052,-1.445,-0.812,1.761,1.549,-0.979,-3.503,-0.663,0.000
0.020,3.511,-0.251,1.302,-2.849,2.767,-0.992,-0.018,1.524,2.495,0.210,0.000
-0.184,0.995,-1.087,0.344,-0.441,-1.620,-0.225,-2.346,0.128,-3.634,-0.417,0.000
1.215,0.417,-0.754,2.106,-1.069,-1.612,3.206,-1.767,2.025,-3.837,1.342,0.000
0.934,-3.972,1.783,-3.226,-0.339,-0.699,-1.837,2.181,-1.520,-0.897,-0.663,0.000
1.910,-0.027,1.060,-0.941,-2.839,-1.543,1.265,-0.560,-1.930,-0.310,-2.409,0.000
0.342,1.588,-3.578,-3.380,0.347,-0.258,2.278,-2.504,-2.777,0.335,-2.151,0.000
-1.474,0.627,0.865,-1.465,-1.156,0.325,-1.973,-0.443,0.889,-0.161,-0.013,0.000
3.983,-3.177,-1.149,-2.325,1.458,0.018,-2.007,1.793,-1.341,-3.862,1.555,1.000
0.796,1.241,-6.338,-3.805,0.266,0.047,-1.948,-8.785,2.890,2.295,3.721,0.000
1.379,-3.228,3.093,-0.426,0.550,-2.306,0.011,-2.787,2.216,-4.144,-4.970,1.000
-0.920,-0.014,-1.578,-3.288,-0.923,-1.439,-3.441,-3.173,1.290,-1.855,3.371,0.000
0.601,2.857,0.250,-0.619,-1.073,2.515,-0.158,2.893,0.553,-0.580,-1.322,0.000
0.334,-1.492,0.357,2.988,1.352,0.946,3.851,-1.436,-1.609,3.026,0.400,1.000
4.378,0.653,1.481,-1.203,-0.853,-0.678,4.880,-3.170,-4.712,1.771,0.749,1.000
-1.449,-3.856,-1.842,2.484,-0.162,-1.389,-5.693,-4.482,-1.885,-1.532,-2.024,1.000
-0.477,-1.304,2.460,1.126,-1.919,-1.068,1.871,-2.476,-0.126,-2.160,-2.321,0.000
-3.573,-2.257,-1.725,-1.799,-2.873,-2.653,-4.725,-1.247,0.941,-0.455,1.788,0.000
3.411,1.231,-1.458,-2.190,3.590,-1.465,0.722,-2.922,1.267,1.977,-4.640,1.000
1.623,3.442,-3.030,0.703,0.356,-0.294,4.349,-1.619,-5.718,2.433,4.145,1.000
3.688,-3.112,4.836,-2.966,0.001,1.874,-1.673,-1.310,-4.994,0.923,-0.117,0.000
-0.712,-2.330,-0.897,-0.841,-0.370,3.929,-3.292,-4.232,5.831,3.861,4.142,0.000
2.689,-3.164,4.685,3.234,1.806,-4.528,2.116,-0.833,2.021,-1.442,-2.841,1.000
-2.111,0.481,0.274,1.697,-4.349,5.108,-1.367,2.748,-0.870,1.535,1.454,0.000
-0.403,-0.189,-1.570,1.283,-2.853,-2.337,3.256,0.290,1.747,-0.654,-1.333,0.000
0.125,2.961,-1.291,-0.810,-0.549,1.026,3.766,-2.509,-3.685,1.194,1.641,0.000
-1.385,1.306,1.907,-0.302,0.947,-0.262,-0.460,0.180,2.046,0.887,0.663,0.000
0.428,-1.740,1.266,0.282,0.937,-0.399,-0.139,1.036,-3.358,1.375,-0.589,0.000
-1.401,0.805,-1.728,-2.981,1.124,-2.048,0.318,-0.285,0.275,-0.980,0.095,0.000
2.489,1.801,-2.586,-0.373,1.454,-3.556,1.026,-6.740,2.091,2.324,-2.434,1.000
-2.248,-4.208,4.686,1.372,1.524,-4.303,-3.231,-0.754,2.330,-3.578,-1.177,0.000
2.379,2.360,0.134,0.982,0.894,0.435,3.957,-0.888,-4.143,-0.244,0.909,1.000
1.861,-0.564,1.759,-1.331,-0.592,-1.690,2.104,1.778,-1.937,-1.135,-0.045,0.000
0.032,-2.334,-0.296,0.765,1.026,-2.312,-1.284,-1.594,-1.616,-0.132,-1.975,1.000
0.977,0.820,-0.298,0.457,2.134,-0.119,2.492,-1.078,-3.124,0.903,1.765,1.000
-1.511,-5.431,5.892,4.297,5.701,-3.998,-0.614,0.075,4.439,-2.285,-4.119,1.000
-2.057,2.119,-3.182,-4.583,-5.213,0.042,3.780,1.244,-2.386,-1.663,-4.986,0.000
2.994,-4.305,4.737,1.458,0.746,-3.224,3.733,-3.277,-0.182,2.913,-1.159,1.000
-0.652,-3.564,3.026,-0.892,1.072,0.646,-0.109,-3.251,-1.344,-0.152,0.561,1.000
1.660,-0.243,0.000,0.382,-0.687,-0.682,-0.657,-0.576,-2.195,-0.803,-0.405,1.000
3.590,-3.322,-0.903,-0.909,3.849,0.277,-2.709,-0.047,-1.387,-1.734,-0.313,1.000
-0.438,-2.790,3.304,0.057,0.572,-0.631,1.162,0.464,-0.442,-1.803,-0.238,0.000
-0.061,1.869,-1.426,-0.213,-0.387,3.142,0.111,-1.459,2.522,3.414,-0.122,0.000
3.609,6.883,-5.906,-2.281,-1.648,0.222,1.981,-3.586,-1.141,-0.209,1.046,0.000
0.662,0.112,1.607,-2.304,1.337,-0.769,3.360,0.995,3.607,2.963,-1.414,1.000
0.218,4.099,-0.512,1.020,0.920,2.670,2.351,1.912,-0.267,1.175,1.548,0.000
1.535,-1.858,0.616,-1.478,-1.383,-2.654,-2.490,0.251,0.374,-1.014,-1.094,0.000
-0.003,-1.729,2.969,5.501,-2.190,-3.835,-1.565,-3.641,0.283,2.125,0.220,1.000
1.500,1.259,-1.230,2.586,3.585,-2.669,3.739,-0.070,-1.567,2.736,-1.449,1.000
-0.907,-1.046,-2.143,-3.078,0.874,1.085,-1.071,-2.657,2.930,2.259,-1.715,0.000
-2.431,1.551,3.855,2.644,-7.012,1.642,-5.074,5.398,0.094,-1.560,1.211,0.000
3.866,1.470,2.814,0.245,-1.470,-3.160,0.250,1.097,2.159,0.363,-1.133,0.000
0.240,2.055,0.057,-0.339,-3.658,2.520,-3.720,-1.302,2.027,0.223,1.968,0.000
0.591,-1.196,0.523,1.588,0.098,0.159,2.492,-1.230,-1.477,-0.181,-2.149,1.000
-0.083,4.609,0.490,-0.385,-2.552,2.284,2.436,-0.561,-1.058,1.232,-0.276,0.000
-0.527,0.014,-2.752,-4.888,0.591,0.680,-0.826,0.006,4.192,3.744,0.072,1.000
1.016,0.905,-1.629,-1.348,0.372,-1.048,-0.504,-1.184,2.232,2.815,-1.275,1.000
1.606,-2.094,7.208,0.945,2.087,-1.287,0.937,-0.791,-0.889,-2.713,0.651,0.000
0.200,-0.835,-4.037,-0.261,2.495,-2.553,-4.269,-0.217,-1.858,2.325,-3.265,1.000
1.475,0.867,-0.627,0.473,-1.331,-1.806,-1.421,-0.475,1.067,1.759,-2.584,1.000
2.380,-0.646,-1.028,-3.280,-0.358,1.819,-1.094,-0.914,3.861,-0.285,-1.994,1.000
0.213,0.955,-1.708,-1.413,0.749,1.105,-0.564,0.826,0.564,-1.237,2.892,0.000
2.523,-0.473,-0.904,-1.526,0.258,0.754,0.717,1.993,-5.272,0.407,-0.232,0.000
-0.917,1.629,-1.544,-1.423,1.040,2.045,-2.503,-0.497,0.961,-0.025,0.815,0.000
-2.792,0.090,2.452,-2.181,-2.488,-1.759,0.292,5.020,-3.258,-3.130,-4.100,0.000
0.252,0.441,-0.340,0.634,-0.898,-0.537,2.731,-1.943,-3.338,-1.718,-0.490,0.000
-2.232,-5.382,2.408,2.427,0.233,0.284,-1.134,0.863,1.874,2.009,2.216,1.000
0.698,-0.933,-3.321,-2.480,-3.670,-0.300,2.326,0.232,-1.173,-2.350,-0.982,0.000
2.517,0.711,-0.799,1.028,0.510,-3.228,-0.772,-1.783,0.536,1.973,-0.107,1.000
1.454,-0.971,-1.421,-2.836,3.739,-0.297,0.794,1.432,2.277,1.981,-0.644,1.000
-2.079,-1.297,-4.863,-3.186,1.011,-2.534,-2.998,-2.774,2.472,0.765,0.730,0.000
1.096,0.533,-2.800,-3.049,-0.737,-1.596,-0.021,-3.115,2.085,0.532,-0.540,1.000
0.455,-3.457,2.962,-1.211,-0.557,2.097,-1.114,-2.779,-1.175,-1.328,-1.563,1.000
-0.046,-0.320,-0.712,1.215,1.799,-1.251,1.244,-1.379,-0.702,-0.672,-0.648,1.000
1.686,-0.575,1.477,-0.163,0.948,-3.894,-0.951,3.235,0.266,-0.492,0.122,0.000
1.165,-0.383,-0.459,-6.136,-1.189,0.334,1.584,6.412,-4.910,0.985,-1.954,0.000
-0.915,2.092,-1.907,-2.608,-1.991,-1.290,1.384,0.259,-2.582,-0.990,-2.136,0.000
3.390,-0.175,-2.472,0.560,2.641,-2.145,-3.456,-1.014,-0.756,2.850,-1.483,1.000
5.927,-0.561,0.256,-0.877,3.654,-1.312,2.454,-1.430,0.420,-1.406,-0.794,1.000
-0.256,-1.065,-0.455,-1.252,1.238,1.339,-3.175,-0.568,3.397,0.389,2.027,0.000
-0.367,-0.372,1.429,1.458,3.920,-3.254,0.662,-0.491,-0.663,-1.248,-1.710,1.000
2.124,-0.275,1.205,-1.276,-0.696,-1.588,0.057,-1.954,-2.227,-2.373,-1.565,1.000
1.385,0.441,1.457,-1.196,-0.636,-0.116,2.222,-1.066,-3.391,-2.756,-0.538,0.000
-0.787,1.626,-0.736,3.663,3.382,-2.105,1.675,0.642,-0.744,-2.077,-1.957,1.000
-3.150,-1.143,2.717,-0.069,3.306,-0.013,0.113,-2.617,-0.529,-5.356,-3.476,1.000
3.789,-0.176,-0.243,2.393,-1.471,-1.173,4.513,-1.082,-1.881,0.803,3.890,1.000
1.889,0.343,-0.697,0.525,0.308,-2.697,-0.733,-1.587,1.659,2.861,-0.214,1.000
2.880,2.224,-1.311,-1.283,-3.893,-2.664,2.467,1.695,3.953,-1.798,-1.291,0.000
0.003,1.105,-3.061,0.867,0.953,0.239,2.711,-0.989,-3.390,2.348,-0.023,1.000
-1.928,-4.646,2.812,0.046,2.014,0.796,1.074,-4.032,1.459,-1.395,-2.814,1.000
1.636,-0.066,-1.061,3.822,0.061,-2.052,2.829,0.453,-1.664,2.080,-1.063,1.000
1.875,-1.876,-0.188,2.753,1.154,-2.576,-2.090,-2.041,1.022,1.794,-1.201,1.000
1.723,-2.285,-1.546,-6.247,-0.693,-0.249,-1.994,5.012,-4.279,-0.584,-0.937,0.000
3.503,-0.324,3.858,-2.069,-1.427,-3.367,-2.609,0.083,0.418,-0.140,-1.458,0.000
-1.581,0.025,0.854,-1.441,-1.413,1.883,-2.233,-0.664,2.376,0.375,1.420,0.000
2.502,0.866,-1.272,-3.065,-3.069,-0.047,0.116,1.504,-2.354,0.919,-2.954,0.000
0.123,0.073,-0.856,-0.403,0.905,2.141,-0.585,0.082,-2.555,-1.441,-0.148,1.000
-1.272,-1.041,0.196,-0.287,-1.646,0.025,-0.921,-2.495,2.804,1.780,0.908,1.000
-2.083,0.436,-1.389,-0.639,-1.273,-1.158,-3.040,-1.664,3.062,2.320,-0.327,0.000
2.362,2.102,-2.179,1.526,-3.056,2.188,3.951,-2.444,-4.586,0.516,4.012,1.000
-2.025,-0.550,0.175,0.915,2.883,-2.336,-0.062,-1.418,0.245,-3.911,-1.674,1.000
-1.200,3.931,-1.048,-0.893,-1.764,2.006,1.348,-1.927,2.030,1.955,2.394,0.000
3.347,2.786,-1.785,2.316,-0.133,-2.399,1.588,1.805,-2.943,-1.009,0.741,1.000
-0.486,1.532,-2.067,-2.393,0.186,-1.637,-0.981,-5.435,0.190,0.323,3.353,0.000
1.237,-1.420,1.143,3.391,0.445,-4.219,2.291,-1.622,-0.234,1.016,-2.260,1.000
1.151,-1.622,3.713,2.717,4.034,-2.566,5.382,-1.760,-0.793,2.149,-4.294,1.000
-0.192,0.358,-1.251,2.381,1.366,-0.626,1.063,-0.062,-0.469,-1.832,-2.232,1.000
-0.323,-4.237,5.007,0.863,5.034,-5.775,-0.826,-0.642,2.276,-1.559,-6.192,1.000
1.953,-0.786,0.323,0.875,0.355,-2.875,1.572,-1.939,-0.084,-0.831,-2.633,1.000
0.419,-3.749,0.798,1.310,1.056,-0.219,-3.692,-0.103,-1.873,-1.498,-2.007,1.000
-2.711,-2.304,-0.036,-1.988,3.110,1.729,-3.670,-0.095,-1.248,-1.190,-4.921,1.000
0.320,-1.738,0.358,-3.750,-1.405,-1.193,2.552,4.082,-3.162,-1.847,-1.280,0.000
0.561,-2.016,3.789,0.989,3.698,-1.221,5.049,-3.387,-0.549,0.744,-3.466,1.000
0.752,-1.269,0.517,2.406,0.991,-0.827,2.307,-0.227,-0.840,-2.344,1.152,0.000
3.351,-2.198,3.125,0.442,1.238,-2.721,1.376,-0.240,-1.337,1.227,-2.154,1.000
-2.066,-2.658,-1.722,0.223,0.878,-0.872,-4.672,-0.978,0.122,2.471,-2.295,1.000
3.043,-3.500,1.255,-1.176,2.129,2.704,-0.918,-1.159,2.914,-0.692,-0.671,1.000
-0.372,-0.036,-1.800,0.099,1.552,-1.988,-1.608,-2.571,0.226,2.982,-2.742,1.000
2.250,0.910,-2.746,-4.037,-2.393,-0.018,-1.093,0.798,3.860,1.488,0.767,1.000
-2.197,0.967,1.037,-1.746,-0.741,-1.073,2.215,1.232,0.217,-4.188,-2.756,0.000
-2.280,-0.782,-3.516,-4.844,0.333,0.804,-3.648,0.323,1.265,3.056,-2.317,1.000
-0.735,-0.558,1.006,2.060,0.586,-0.431,1.360,-1.174,-1.124,-0.291,-0.502,0.000
-0.150,0.055,-0.150,-0.593,-1.828,-2.016,2.503,1.573,1.835,-2.071,-1.096,0.000
-0.338,1.691,-0.096,-1.106,-1.389,3.587,-0.800,-1.246,0.461,-0.278,4.151,0.000
3.407,-3.004,3.732,-1.862,0.724,0.659,3.162,-3.120,-3.056,3.472,0.588,1.000
-0.396,1.248,-2.226,0.063,0.444,-3.862,-1.646,-2.722,-2.698,1.804,-4.384,1.000
-0.076,-1.219,-3.164,-0.898,-3.038,-0.217,3.847,0.358,0.916,-3.169,0.009,0.000
4.013,-2.367,3.447,0.395,-2.545,-2.980,1.424,-2.539,-1.313,-1.187,0.012,1.000
-1.000,1.015,-3.317,-0.241,1.094,-1.208,2.543,-4.412,0.993,4.561,2.217,0.000
-0.148,-0.776,-1.017,-1.157,-1.367,2.420,1.029,-2.460,0.093,2.915,-0.104,0.000
-2.711,-1.072,0.544,-2.630,0.029,-1.950,1.674,-3.404,0.282,1.090,2.187,0.000
3.697,0.862,-2.126,-4.177,-0.003,0.221,0.063,-1.141,2.867,-0.522,-1.139,1.000
-1.366,-3.259,-1.139,0.548,1.899,-1.176,-2.548,-1.639,-0.554,0.269,-1.461,1.000
-0.619,-2.973,1.430,0.771,-0.597,1.320,0.796,-4.109,0.032,-1.201,-0.159,1.000
5.827,-1.981,1.250,-0.552,1.757,-1.459,0.891,-3.326,-0.236,-2.633,0.117,1.000
0.724,0.398,-3.607,-3.737,-2.146,-2.010,-1.846,-1.419,1.075,0.345,-0.411,1.000
-0.489,1.040,-0.029,-0.655,0.286,1.594,-2.884,-0.156,-0.236,-0.563,1.000,0.000
-1.836,-2.918,2.845,-0.124,2.586,-1.341,-0.715,2.162,-2.053,-2.323,-0.753,0.000
0.371,-1.840,0.364,-0.358,-0.265,0.869,-1.855,0.870,2.354,0.004,-0.776,1.000
-0.121,-3.577,-1.971,-3.566,1.942,2.081,-3.586,-0.869,1.131,-0.622,-0.086,1.000
-0.979,0.925,-2.119,-0.746,0.598,-3.474,-0.363,-2.452,-1.338,3.415,-4.172,1.000
3.860,0.768,0.444,1.116,-0.246,-0.642,1.607,0.295,-2.321,0.401,0.273,0.000
0.916,-2.262,2.740,4.020,1.418,-4.180,0.961,1.041,0.769,-1.698,-3.048,1.000
1.866,0.892,-1.495,-0.466,0.273,-0.949,-1.668,-1.698,1.961,2.843,-2.778,1.000
-3.193,-3.132,-3.146,-3.640,0.602,-0.814,-3.084,-3.708,0.921,-0.320,3.931,0.000
1.556,0.387,-2.076,0.816,-0.181,-1.047,1.938,-0.624,-1.790,0.175,-0.956,1.000
1.639,1.487,-2.314,-1.020,-3.557,-1.095,0.053,-0.897,-0.707,1.228,-2.525,0.000
3.960,3.130,-5.514,-6.359,0.519,-0.979,-0.078,-0.643,2.404,1.530,-0.038,1.000
-1.062,2.189,-2.251,0.262,-2.610,0.880,-2.742,0.073,1.275,0.888,1.512,0.000
2.091,-2.221,7.995,-1.221,0.437,-2.915,-0.674,2.205,-0.456,0.505,-1.648,0.000
-1.070,-0.466,-0.378,-2.589,-1.400,1.819,-0.713,-2.653,-0.191,-0.015,2.029,0.000
-4.050,-0.388,1.128,0.157,-1.369,0.918,-2.051,4.667,-0.050,-1.348,1.758,0.000
-1.855,0.885,-1.448,-2.200,-0.904,0.677,-1.384,-0.666,0.539,-0.896,2.489,0.000
-2.536,-0.801,0.893,-0.065,-2.361,0.890,-0.801,0.786,1.124,2.126,-0.761,0.000
-1.249,3.462,-0.857,-0.813,-0.524,0.176,4.797,-3.348,-2.236,2.165,2.719,0.000
1.692,-1.246,-1.421,-1.996,1.530,1.906,-3.433,1.567,1.332,2.281,-3.055,1.000
-1.878,3.336,-2.120,1.930,-2.531,2.477,0.287,-0.176,0.113,3.984,0.636,0.000
-0.755,0.996,1.498,0.491,0.800,-0.482,1.892,-0.963,-2.247,-2.651,-0.946,0.000
0.736,2.214,-2.389,4.188,2.163,-2.772,1.264,2.883,-0.798,-1.820,-1.830,1.000
-1.509,-1.259,-0.638,-0.023,-2.582,-1.301,-1.838,-0.089,0.915,1.460,0.827,1.000
1.912,-0.541,0.443,1.311,1.904,-3.146,4.237,-1.961,-1.462,2.287,-0.878,1.000
1.483,2.344,-5.216,-0.142,0.482,3.199,-0.090,-4.301,3.750,4.662,2.965,0.000
-2.333,-1.124,0.526,-0.266,-3.977,0.687,-1.389,-3.041,1.576,2.087,4.284,0.000
-0.082,-0.732,1.745,-1.887,-2.860,-2.617,0.880,1.413,0.536,-2.050,-3.543,0.000
0.210,-2.016,0.111,-1.700,-2.732,0.877,1.013,-1.434,-2.374,-2.353,-2.717,0.000
0.691,3.375,-2.497,-0.151,-1.536,2.927,-2.712,-1.141,1.711,2.404,-2.209,0.000
1.305,-2.736,7.108,2.511,1.437,-0.919,1.985,-1.403,1.649,-3.472,0.636,0.000
-1.191,-0.236,1.075,-1.078,-1.229,-1.762,-0.793,0.528,-0.633,-1.283,-3.863,0.000
1.171,-1.691,1.414,-1.692,-0.390,-2.074,-2.426,-2.343,0.203,-4.803,-0.860,1.000
-1.508,-0.551,-2.674,0.693,-1.800,2.442,-2.400,-1.750,1.571,3.409,2.311,0.000
-1.509,-1.002,0.558,-1.271,1.649,1.535,0.677,-3.213,-2.640,-0.940,1.222,1.000
-0.928,-2.427,2.201,-0.161,1.228,-0.045,-2.055,-0.471,-0.187,-4.480,-0.964,1.000
-0.705,-3.797,1.759,-0.968,1.562,-0.139,0.755,-3.919,-0.462,1.595,-1.862,1.000
-1.373,-1.605,-1.639,-1.892,-0.370,-0.210,-3.330,-2.305,3.355,1.994,-0.538,0.000
-3.200,-1.438,1.175,0.337,-1.955,0.555,-6.085,-2.460,2.872,1.463,3.399,0.000
3.337,-0.621,0.547,-1.732,-1.464,-0.552,4.925,1.483,-1.991,-2.534,1.935,0.000
1.629,-0.553,-0.690,1.380,-0.289,-1.355,1.800,-0.801,-1.508,0.731,-2.277,1.000
2.593,1.013,-0.925,-1.443,-3.719,-2.873,0.834,1.744,1.015,0.557,-2.286,0.000
-2.016,-0.815,0.369,-0.525,0.479,0.954,-3.662,-4.083,3.676,2.710,3.001,0.000
0.277,-1.076,-1.926,-0.731,-0.763,1.352,3.479,-1.219,-4.800,-2.155,0.946,0.000
0.887,-2.870,-0.310,-0.223,0.874,-1.618,-1.511,0.147,2.226,-2.935,-3.787,1.000
3.495,0.954,2.150,1.302,-1.058,-1.535,2.315,-1.371,-1.710,-0.843,-0.196,0.000
-2.660,2.500,-3.112,-2.699,-3.503,-3.762,0.118,0.013,0.517,3.527,-0.955,1.000
0.009,1.937,-1.195,-2.115,-1.303,-1.405,-3.100,-3.963,2.720,-0.209,2.740,0.000
1.406,-0.966,-0.639,0.178,-3.360,-0.366,3.761,0.135,0.812,0.097,-0.763,0.000
2.399,0.186,1.039,0.241,0.268,-2.292,0.494,3.649,0.953,0.203,-0.318,0.000
-0.680,2.588,0.281,2.035,-1.512,3.722,-0.370,0.001,1.483,3.808,0.517,0.000
-0.878,-2.871,0.256,0.459,0.264,-2.365,-1.281,-2.220,1.880,-3.210,-3.645,1.000
-0.062,-5.251,3.334,-0.106,0.481,-2.000,1.846,1.849,0.254,-4.052,1.041,0.000
1.769,-0.685,-2.112,-0.298,2.526,-3.532,-1.437,-1.853,-1.175,1.873,-0.944,1.000
1.731,1.853,-3.166,0.283,-0.232,-0.894,3.673,-2.071,-2.823,0.139,2.964,1.000
-0.011,0.449,-0.470,3.040,1.599,1.250,0.206,1.669,-0.642,-3.198,0.152,1.000
4.567,0.840,-4.912,-1.622,2.667,-4.939,-2.738,-0.270,-2.233,1.837,-1.070,1.000
-2.410,-3.196,2.844,-0.676,0.408,0.443,3.860,-0.495,-2.303,-5.789,-0.231,0.000
0.839,-2.012,-2.310,-0.679,-2.466,-0.228,1.807,1.080,1.497,-1.544,-0.134,0.000
-2.448,-0.806,-1.416,-2.512,0.469,-1.913,1.255,-0.451,-1.903,-0.120,-0.349,0.000
0.728,-1.796,0.927,2.804,0.704,-1.341,-2.228,-1.033,1.192,2.444,-1.974,1.000
0.053,1.221,-3.996,-4.993,1.434,-1.759,-0.984,-1.200,-0.002,3.000,-3.954,1.000
1.862,-1.158,-0.196,-2.062,1.584,0.594,0.147,0.682,2.213,1.997,-0.503,1.000
3.260,-2.714,-2.124,-3.540,3.265,0.845,-1.379,0.500,-0.170,-0.957,-0.307,1.000
0.923,0.012,-0.890,-1.797,-0.230,-2.541,-2.309,1.456,-2.142,-0.844,-1.467,0.000
0.066,-1.774,1.282,-0.851,0.449,-3.247,-0.696,1.213,0.240,-3.601,0.020,0.000
1.465,-4.067,1.532,1.043,2.006,-1.591,1.343,1.782,-0.833,-3.918,2.752,0.000
-1.720,1.103,-1.056,-2.288,-1.789,0.546,-0.515,-1.695,0.426,0.156,1.066,0.000
2.053,-4.716,4.155,4.446,1.699,-1.932,1.379,1.965,2.260,2.213,2.079,0.000
-0.176,-3.452,1.951,-0.797,-0.152,-1.877,-1.326,0.344,-3.011,-0.890,-1.538,0.000
1.207,1.794,-1.849,-1.896,-2.769,2.710,-3.772,-1.291,2.773,-0.087,0.174,0.000
-1.223,0.766,2.390,-0.042,-0.630,2.041,0.748,-1.804,0.916,2.412,1.404,0.000
-1.623,-1.778,-0.425,-0.375,1.983,-1.628,-0.173,-1.643,-1.091,0.270,-2.306,1.000
-1.503,-1.404,-0.239,-2.742,-0.434,-0.899,-0.157,2.218,-1.896,-0.589,-1.444,0.000
0.523,2.546,-2.248,-3.774,1.898,-0.617,1.563,-3.523,1.165,-0.266,1.420,0.000
0.065,1.528,-2.437,-1.863,1.623,0.001,-0.918,-2.093,1.867,1.097,0.206,0.000
2.673,-0.040,4.857,2.140,0.081,-2.001,2.556,-0.728,1.202,-1.303,0.514,0.000
-1.410,3.395,-4.022,-0.054,-2.741,-1.595,-1.507,-2.950,0.524,2.446,0.816,0.000
4.268,-1.499,-2.059,-1.196,3.436,-1.158,0.416,-1.909,1.212,-2.827,1.230,1.000
1.727,2.856,0.531,-3.869,-0.076,0.824,0.233,-4.587,0.859,-1.309,1.624,0.000
3.028,4.717,-0.814,-2.091,-0.714,3.162,-0.520,0.542,0.434,-2.313,0.471,0.000
-1.364,1.127,-1.962,-0.343,-1.282,0.586,-3.489,-0.336,1.030,0.509,1.126,0.000
-0.982,0.871,-0.636,-0.551,0.385,1.081,0.408,-0.918,1.303,2.199,0.394,0.000
2.839,-2.509,2.452,1.068,1.023,-2.401,-3.841,1.986,0.582,3.814,-0.211,0.000
0.722,-1.421,4.261,3.465,0.682,-1.894,0.602,-1.090,-0.592,-2.944,0.065,1.000
-1.708,0.207,-2.473,0.681,-3.491,1.083,-2.570,-3.055,2.883,4.038,2.523,0.000
3.548,-3.891,5.281,3.724,1.661,-6.812,0.550,1.865,2.203,-1.446,-3.895,1.000
1.666,-1.144,2.958,-0.758,0.487,-0.042,1.426,-1.068,-2.419,-3.493,0.544,0.000
1.984,1.145,-0.121,-1.176,0.230,-2.956,3.262,-0.718,0.634,0.282,-1.266,1.000
-1.588,-0.971,4.192,1.071,0.220,-1.349,-0.831,-2.993,-1.156,-1.924,-2.703,0.000
1.859,-1.653,1.745,0.841,1.207,-1.203,0.583,2.703,0.015,-0.923,0.370,0.000
3.008,-0.045,-0.089,-1.138,-1.638,0.413,-1.371,-1.498,4.104,0.503,0.119,1.000
-1.787,-0.404,-4.191,-0.207,-0.873,-5.354,-0.962,-5.281,0.040,2.295,0.347,1.000
4.837,-0.165,2.896,0.815,0.906,-3.134,0.417,2.787,1.568,0.501,2.099,0.000
3.596,-2.986,2.047,0.265,-0.060,-2.583,2.013,-2.114,0.373,0.783,0.017,1.000
3.057,0.660,-1.106,-0.420,0.089,-2.459,2.143,-2.867,0.712,-1.068,-0.458,1.000
2.467,-1.232,2.376,-0.418,1.216,2.358,0.160,-5.621,5.626,-0.303,-0.174,1.000
0.950,-1.942,4.296,1.170,0.922,-1.064,3.911,-4.821,0.293,-3.159,-1.186,1.000
0.252,0.775,-2.188,-1.590,-1.577,5.204,-0.075,-0.497,-0.135,0.593,1.678,0.000
0.710,-2.901,3.999,1.907,1.258,-0.941,1.198,-1.903,0.789,-5.010,1.216,0.000
0.649,-1.582,5.712,1.210,1.667,-1.269,-2.327,0.967,-1.221,1.842,-2.865,0.000
-1.579,0.784,-1.278,0.305,-1.701,2.519,-2.789,-1.819,2.357,2.556,2.565,0.000
-0.162,1.804,-2.289,-0.598,0.810,0.653,1.278,-2.439,0.974,3.413,-0.550,0.000
-0.075,-0.545,-3.587,-5.626,0.063,-0.992,0.100,0.538,0.079,-1.457,0.824,1.000
2.576,-4.135,2.423,0.547,0.171,-3.013,-1.422,3.322,0.810,0.448,-0.194,0.000
3.003,-0.740,1.211,-0.818,-0.377,-1.150,3.903,-3.059,-2.841,1.253,-1.085,1.000
2.633,5.683,-2.540,-2.263,-0.926,1.431,2.565,-1.839,-0.438,-0.418,0.399,0.000
4.576,0.046,0.604,0.704,-1.441,-0.543,0.300,-1.747,0.074,-0.348,0.717,0.000
0.906,-1.674,3.416,-0.890,-0.290,-2.353,-1.755,1.657,-0.659,-0.160,-2.560,0.000
4.375,-0.602,2.583,0.902,0.372,-2.165,2.998,-0.724,-2.038,0.473,-0.259,1.000
1.569,4.465,-3.430,-3.198,-1.155,-0.047,5.042,0.056,-4.634,-1.828,-1.142,0.000
-0.849,1.827,-1.654,-1.188,4.498,0.297,-0.809,1.397,-3.524,-0.290,-3.543,1.000
-0.450,0.158,1.847,-3.204,-3.556,-1.895,-0.062,-2.235,-1.780,-3.565,-4.438,0.000
-1.909,-1.756,-2.105,-2.076,0.503,1.595,-4.791,-4.154,3.244,2.242,-3.064,1.000
0.649,-0.858,-1.195,-2.281,-1.037,0.954,2.870,1.173,-1.492,-2.263,0.695,0.000
-0.080,1.689,-4.085,-1.747,-4.584,-1.887,-5.947,0.578,0.555,3.226,-0.711,1.000
3.201,-1.395,-2.435,-0.618,-0.496,-0.817,-3.545,-0.238,0.119,-1.015,0.029,1.000
4.626,-1.501,1.805,-1.269,0.671,0.529,2.420,-0.741,1.998,-2.597,-0.539,1.000
0.520,-2.588,4.726,5.782,1.730,-1.135,2.172,1.048,0.266,-1.017,-3.269,1.000
0.484,0.814,-3.731,-3.158,1.128,0.649,-2.937,-1.925,1.356,-0.848,0.480,0.000
0.914,-1.387,-0.246,0.456,2.154,-3.063,-3.064,1.680,0.704,-2.019,-1.732,1.000
1.714,-3.679,2.997,1.089,-0.472,-3.716,-1.848,0.264,1.355,-2.721,-6.426,1.000
-0.392,-3.213,1.282,-3.100,-1.831,-0.586,1.388,2.074,-0.694,-2.329,-1.462,0.000
2.078,0.808,3.363,4.308,3.122,-2.698,5.214,-1.611,-0.300,-2.452,3.810,1.000
-2.040,-0.324,-0.262,-0.239,-1.364,-0.996,2.559,-1.241,0.863,-5.110,-1.151,0.000
0.380,2.267,-0.829,2.514,-3.468,-5.004,-0.499,-3.510,1.651,3.406,0.186,1.000
3.064,1.696,0.958,5.554,-1.392,-1.435,4.687,-0.088,-2.011,-1.928,2.169,1.000
-4.093,-1.886,2.021,1.870,3.390,0.477,-2.003,-1.404,1.032,-5.126,-3.012,1.000
1.166,-1.166,3.143,-0.177,0.414,-1.672,-0.983,-2.404,-0.833,-3.951,-0.107,0.000
-1.297,0.489,-3.481,1.142,-1.890,-5.528,-2.291,-2.139,-1.417,2.885,0.272,1.000
-1.678,2.553,-4.030,3.743,1.464,-2.321,-0.641,1.225,-0.310,-3.253,-2.436,1.000
1.501,-3.073,2.901,-2.957,1.010,-0.992,-3.251,0.882,-2.823,-0.299,0.094,0.000
0.427,2.515,-1.731,-0.915,0.839,2.572,3.141,-3.589,1.706,3.630,2.149,0.000
-0.146,1.204,-1.860,-2.291,-1.337,0.535,-1.251,-0.199,1.000,-1.156,1.658,0.000
-0.817,0.766,-1.427,-2.072,-1.505,-0.588,2.616,2.087,-1.172,-3.219,-2.161,0.000
0.487,1.974,-1.658,-1.988,-0.967,0.531,-2.995,-1.824,2.354,0.038,0.002,0.000
-1.590,-5.755,2.260,-3.798,-0.274,-1.743,-2.355,2.048,-1.320,-2.518,-1.065,0.000
-0.655,-0.825,1.332,1.873,6.176,-0.915,-0.864,2.153,0.478,-0.735,-4.572,1.000
3.441,-2.269,-2.444,-1.627,-1.666,1.940,0.596,-0.224,-3.536,-0.212,0.854,0.000
-1.295,-1.965,2.412,0.033,-1.926,-1.301,-0.347,-1.960,1.275,-1.791,-2.938,0.000
0.407,-0.540,1.094,2.393,0.451,-1.549,0.516,-0.768,-0.789,-2.140,-1.423,1.000
2.241,-0.332,-0.365,-2.803,-0.497,-0.088,1.449,1.887,-0.628,-4.248,0.783,0.000
0.814,3.256,-4.023,-1.092,0.098,1.961,1.830,-0.443,-1.038,0.428,1.958,0.000
-0.312,0.061,-1.449,-4.011,-4.085,0.441,-0.976,2.818,4.459,2.490,2.594,1.000
2.279,0.236,0.040,-2.407,0.591,0.650,1.109,-2.053,4.136,0.129,-1.489,1.000
-2.603,-0.529,-0.590,-0.663,-3.975,-0.354,-3.704,-4.589,0.741,1.970,2.709,0.000
1.185,-4.886,5.522,-1.718,1.345,-0.675,1.639,-4.326,-1.097,1.664,-4.209,1.000
-0.847,-2.137,3.032,-0.454,1.134,-0.301,2.713,2.453,-3.283,-0.777,-0.724,0.000
1.498,-3.035,4.330,-1.528,-0.682,-0.957,1.455,-4.294,-1.145,-2.747,-1.334,1.000
1.774,-2.455,0.651,0.916,-1.355,-0.668,-0.321,-0.454,0.077,-2.062,-0.104,1.000
1.847,-0.840,-2.116,0.057,1.297,-1.671,2.406,4.543,-1.130,-0.497,2.722,0.000
4.076,1.503,-0.454,-1.926,-0.173,-3.634,4.960,0.927,2.458,-0.355,1.687,1.000
0.528,-0.251,-1.237,1.010,-3.681,-1.521,-5.086,0.412,0.650,2.568,-0.620,1.000
-1.842,-3.315,-2.894,-4.294,2.589,-0.237,-2.264,-1.788,2.585,-0.068,0.410,0.000
0.066,-0.277,0.260,2.273,2.232,-3.310,-0.505,0.290,1.028,-3.358,-3.680,1.000
1.670,-0.423,0.292,-0.623,1.110,-0.481,1.309,-0.936,-2.823,0.810,-0.043,1.000
-0.769,1.317,1.433,0.254,0.553,-1.701,1.273,-0.138,-2.050,-2.506,-1.659,0.000
1.175,-3.005,6.392,5.388,4.035,-2.812,-0.566,-0.237,2.142,-1.222,1.793,0.000
2.680,-0.482,2.788,1.178,-1.285,-3.491,-0.241,-0.199,3.088,-0.710,-0.439,0.000
-0.750,-0.399,0.689,3.800,0.688,1.634,3.530,-1.604,-1.009,-1.951,1.849,1.000
-4.972,0.492,-2.250,0.648,-3.887,-2.599,-2.752,-3.824,2.195,4.241,2.319,0.000
0.134,2.651,0.627,-0.398,-1.186,1.914,1.420,1.962,0.014,0.582,-1.428,0.000
-1.996,-0.015,0.785,0.201,-0.714,2.058,-1.517,1.134,0.614,0.794,1.465,0.000
-2.291,-1.360,-0.507,1.220,0.382,-2.208,-2.942,-2.039,0.039,2.871,-4.621,1.000
0.954,-1.192,-1.443,-0.748,1.500,-1.089,-2.193,-0.246,-0.033,1.331,-2.398,1.000
-0.308,-0.705,-1.127,0.239,0.732,1.923,3.789,-3.766,-3.148,3.406,1.401,1.000
1.194,1.095,-1.372,-2.931,1.145,0.995,-1.688,-1.840,1.519,-1.023,0.830,0.000
-3.881,2.914,-0.992,5.418,4.391,2.044,3.505,-0.293,-1.888,-3.515,2.609,1.000
1.563,-3.492,4.553,1.421,1.604,-0.683,0.595,-1.433,0.840,-1.614,-0.990,1.000
0.156,-0.136,-3.396,-3.885,2.965,-1.357,-2.700,-4.812,2.074,-0.179,1.387,0.000
-0.627,1.666,0.516,-1.717,-0.509,-0.960,0.660,1.495,-2.448,-0.244,-2.731,0.000
3.650,-1.279,0.778,1.928,-1.803,-1.286,-1.072,-2.816,2.438,-1.899,1.979,1.000
3.705,-0.013,4.066,5.546,1.685,-4.733,5.225,-0.066,-1.450,1.116,0.313,1.000
1.823,2.019,1.962,-0.620,-1.642,-1.129,1.792,2.270,-0.937,1.577,-3.332,0.000
3.452,0.453,1.038,0.418,-2.609,-3.801,1.333,1.772,3.856,-0.404,-0.494,0.000
-1.850,-0.994,-1.617,-3.373,-0.088,-0.383,-0.394,-0.602,1.457,0.005,-1.059,1.000
0.344,-0.725,5.606,1.397,4.663,-1.508,4.018,-2.694,-1.061,-2.416,-1.921,1.000
-1.654,-1.750,0.827,-1.749,2.102,0.895,-0.456,1.490,3.599,0.922,-0.206,0.000
1.487,0.179,-2.649,-2.582,2.025,-1.590,-0.684,0.388,-0.176,2.248,-2.181,1.000
-1.232,0.082,-0.804,-0.324,-3.449,-2.200,0.916,0.658,0.978,1.197,-3.994,0.000
0.345,3.945,-4.527,5.709,-2.131,-0.579,3.526,0.199,-4.037,0.249,3.136,1.000
0.264,-3.137,1.110,-2.974,-1.269,-0.312,-0.698,-0.378,-3.526,-1.598,-1.002,0.000
1.487,-0.215,-0.918,-4.617,3.752,-0.218,3.994,1.493,2.951,1.767,-0.793,1.000
1.291,-1.688,5.311,3.157,2.445,0.095,1.546,-1.533,-2.049,-0.885,0.474,0.000
5.411,-3.744,0.981,-0.497,-2.161,-4.252,1.088,-0.791,-0.949,4.763,-3.754,1.000
3.073,0.861,-3.099,-2.714,1.115,-1.148,-0.759,0.932,-2.819,1.420,-0.787,1.000
-0.736,-0.462,-2.707,-2.253,-0.043,-0.762,-3.675,-3.753,4.291,1.272,2.336,0.000
0.363,4.515,1.564,1.026,-1.606,2.823,0.442,-0.365,1.312,1.903,0.943,0.000
-0.328,0.987,0.021,1.470,3.093,-2.070,-0.087,-0.127,-0.605,-3.151,-1.407,1.000
-0.481,-4.186,2.976,0.582,0.274,1.275,-2.188,-0.121,-0.007,-2.058,-3.261,1.000
0.013,1.139,-3.301,-2.442,-1.664,0.890,-3.702,-0.238,0.511,-0.839,-1.782,0.000
2.725,-1.069,-0.759,1.298,1.262,-2.745,0.329,-1.305,1.243,0.468,-0.725,0.000
0.438,2.288,-2.143,-1.773,-1.904,2.217,-2.212,-2.424,1.259,-0.116,2.705,0.000
-1.534,2.417,-3.959,-2.081,-2.051,-4.226,-1.031,-3.054,-1.031,0.545,-0.893,0.000
1.350,-4.320,-0.243,-1.003,4.030,0.945,-1.438,-1.416,-0.251,-0.701,-2.318,1.000
-1.477,-1.636,2.691,-1.252,6.104,1.162,1.072,-1.508,-1.275,-0.571,-1.231,1.000
3.346,-0.623,1.081,1.846,-0.860,-1.329,0.410,0.484,-0.333,-2.320,-1.333,1.000
1.352,1.635,-2.547,-4.579,1.844,-0.023,1.331,-1.225,0.647,-1.831,-0.145,0.000
-1.640,-1.719,-1.893,-2.165,3.762,0.183,0.771,0.093,2.656,1.877,-0.286,0.000
2.589,0.216,-0.826,-1.331,0.130,-0.907,-0.517,-1.130,1.465,0.649,-1.115,1.000
2.590,-2.022,0.431,-4.839,-1.373,0.886,1.131,1.657,-4.591,-2.377,0.083,1.000
-1.900,0.222,2.467,2.174,1.426,-1.700,1.426,-0.527,-1.046,-2.972,-1.684,0.000
4.537,1.451,-2.731,-6.110,0.362,1.289,1.822,-0.656,3.132,-1.108,-0.915,1.000
-1.316,0.098,-1.655,-2.903,0.541,-0.980,1.410,-2.196,-3.500,-0.515,0.109,0.000
1.453,-0.834,-3.292,-2.936,-1.779,-0.289,2.666,5.774,-2.123,2.052,-0.334,0.000
-0.714,2.164,-0.397,-0.250,-2.489,2.310,-2.215,-2.207,2.760,2.765,-0.135,0.000
1.000,-2.489,-1.836,-1.148,2.520,-0.672,-1.002,0.567,1.267,-1.054,1.900,1.000
0.918,3.180,-3.464,-4.145,2.446,-0.219,3.358,-5.670,0.342,1.443,0.298,0.000
1.668,-1.471,1.763,2.652,0.894,-2.271,2.215,-1.279,-0.040,0.232,-3.334,1.000
-1.451,-0.455,-2.443,-4.707,1.889,-0.099,0.368,2.055,0.886,1.739,-2.377,1.000
-0.740,-1.101,0.637,6.964,0.400,-3.119,2.452,-1.254,2.020,-2.337,0.678,1.000
-2.163,-1.740,2.242,-1.091,6.039,-0.766,-2.946,-0.520,1.729,-5.597,-1.241,1.000
0.090,2.503,2.056,-0.172,-2.808,3.797,-3.574,-0.770,4.180,1.061,1.072,0.000
0.742,2.107,-1.638,1.862,0.328,1.964,3.567,-0.556,-3.928,0.007,0.853,1.000
3.240,0.300,0.383,-1.584,-0.855,-1.607,-1.935,0.535,-2.183,-3.224,-2.498,1.000
-1.680,-0.473,-4.809,-3.894,2.297,-3.054,0.377,-5.694,0.490,1.665,1.020,0.000
0.759,-1.151,1.550,1.417,-0.309,-0.948,1.394,-2.389,-1.725,-0.953,1.151,1.000
-1.597,0.705,0.211,-1.142,0.063,-0.400,-1.353,0.411,2.111,0.641,-0.742,0.000
-1.432,-1.762,1.996,-0.337,5.116,-2.133,-2.241,0.378,0.723,-2.878,-5.733,1.000
-2.178,-1.645,-1.586,-1.251,-1.252,1.240,-2.593,1.041,0.035,0.434,-0.734,0.000
-2.731,0.345,-3.568,-2.784,-0.016,-3.267,-1.893,-4.011,0.353,0.788,0.750,0.000
1.769,-1.377,-0.543,-2.115,3.271,-0.630,2.859,-0.631,2.369,1.996,-0.099,1.000
-0.736,1.119,-3.924,0.064,-3.892,1.104,-2.985,0.602,-0.188,1.378,-1.109,0.000
-0.542,-1.501,2.700,-1.688,-0.509,0.739,0.491,-0.350,-3.198,-0.734,-2.303,0.000
0.388,-1.419,-0.288,-2.213,-1.328,-0.302,2.342,2.255,-2.555,-0.207,-0.544,0.000
0.433,-3.225,3.553,3.082,2.791,-3.291,1.499,-1.540,1.503,-1.150,3.514,1.000
0.167,0.262,-5.865,-6.960,2.119,-0.371,-1.224,-2.603,1.525,0.875,-1.485,1.000
1.397,-0.224,-2.106,-3.662,-1.836,-0.374,-1.630,-0.843,3.100,-0.468,-0.220,1.000
1.892,-1.604,-1.786,0.185,0.116,2.052,4.518,1.082,-4.941,-0.305,2.069,0.000
-0.065,1.874,-0.020,3.137,1.911,-0.536,1.870,-0.893,-1.248,-3.282,1.041,1.000
1.286,2.210,-4.777,-2.631,1.983,1.426,0.876,-4.299,0.183,0.992,2.715,0.000
3.773,1.276,-1.261,2.216,-1.326,-2.790,4.629,-2.196,-1.070,-1.012,3.464,1.000
4.670,-1.211,-2.827,0.202,2.552,-1.963,-2.230,-1.567,0.705,-2.088,0.716,1.000
1.018,0.156,-2.953,-0.044,-0.301,2.193,-0.137,1.068,-2.543,0.419,-2.235,1.000
1.259,-4.063,-0.933,0.568,-1.562,-2.201,-0.346,1.064,3.380,-1.085,1.021,0.000
-2.360,0.620,-1.932,-0.630,-0.342,-0.590,0.920,-2.321,1.081,3.026,1.495,0.000
0.359,-0.494,1.731,-1.178,1.808,-0.247,0.806,1.788,-2.260,-2.949,0.106,0.000
0.927,2.975,-0.546,1.956,1.513,0.220,4.572,-1.978,-2.592,-2.922,2.171,1.000
2.368,-1.581,1.303,0.580,1.283,-1.829,-0.415,0.424,-0.712,-0.280,0.445,1.000
-5.467,-3.028,-0.078,-0.658,0.269,-2.971,-0.651,-2.369,-0.020,2.632,2.083,0.000
0.786,2.966,-2.526,-2.269,-1.557,-0.719,-0.188,-0.540,-0.462,-0.450,-2.186,0.000
0.286,-0.915,4.035,-1.509,0.118,0.330,2.166,-1.111,-2.894,-3.026,-0.591,0.000
-0.288,3.237,-1.462,0.160,-1.368,2.791,-0.245,0.097,-0.632,0.890,1.260,0.000
-0.036,4.614,-1.296,0.703,-1.623,1.468,-2.069,0.139,2.902,1.117,1.796,0.000
2.271,2.017,-0.401,0.193,-0.928,-1.633,1.269,0.618,-1.285,-0.763,-1.226,0.000
-2.450,0.996,-1.750,0.596,-2.344,1.217,-1.676,-1.793,1.583,2.916,2.756,0.000
1.768,-0.137,-0.429,-2.976,-3.217,-3.716,-2.248,3.356,2.653,0.968,-2.992,0.000
1.105,0.571,3.348,2.532,1.748,-3.664,3.458,-1.535,-1.306,-3.786,-1.208,1.000
-3.944,1.138,-4.624,0.575,-1.876,-0.861,1.038,-0.587,-1.162,3.769,0.490,0.000
1.902,2.097,-1.856,-0.899,-3.214,0.715,4.086,0.911,-2.278,0.969,-2.223,0.000
2.864,1.788,1.380,-2.304,1.257,-0.441,2.992,-3.346,-3.394,-2.282,0.236,1.000
1.323,-1.516,8.474,0.004,0.226,-1.673,-0.382,-2.790,-0.982,-2.635,-1.937,0.000
-2.636,-0.918,-0.779,0.217,-0.671,2.097,-2.040,-1.927,3.863,4.370,1.124,0.000
1.471,-2.420,-0.560,-4.019,1.570,0.858,-2.290,-1.145,-0.716,0.101,-2.218,1.000
-0.019,-1.324,0.093,-0.010,1.970,-1.965,0.172,-0.764,-1.258,0.265,-2.548,1.000
4.091,-0.451,0.349,0.895,-1.330,-1.578,3.622,-2.086,-1.181,0.030,1.394,1.000
1.550,2.623,-1.622,-0.494,1.227,4.067,-0.738,-1.866,2.036,2.246,0.468,0.000
3.922,-3.236,2.727,-1.208,-0.995,-1.763,3.565,-3.014,-1.575,1.947,-2.204,1.000
0.444,1.460,-4.131,-2.449,0.201,0.631,-0.969,0.917,-0.827,-0.661,-2.546,0.000
-1.921,0.201,-0.935,-0.914,-2.279,1.227,-4.874,0.923,1.996,-0.080,-0.281,0.000
-0.271,-3.346,-1.946,-1.240,-0.355,1.812,4.183,1.676,-4.135,-3.133,0.921,0.000
0.778,-0.332,-0.633,0.945,0.877,-5.078,0.406,-1.895,-3.243,0.569,-2.345,1.000
1.785,-1.715,2.200,-2.491,-0.344,-1.847,-1.260,1.071,0.126,-2.604,-0.123,0.000
-1.246,-0.091,-0.502,-2.200,0.388,0.600,-2.323,-4.054,3.049,1.310,2.547,0.000
0.654,1.571,-4.767,-3.157,-5.136,-1.546,-4.213,-0.635,0.423,2.460,-1.345,1.000
2.188,-0.830,-0.437,-0.542,1.440,-2.210,0.354,-1.043,1.625,0.210,-0.262,1.000
0.989,1.448,-2.890,-2.377,-1.568,1.148,0.140,-2.694,1.062,1.075,0.375,0.000
0.459,-2.101,-1.547,-1.639,-2.217,-3.677,1.214,4.737,4.017,-0.879,0.191,0.000
3.285,-0.678,2.925,-0.345,0.545,-1.112,0.500,1.253,-2.904,0.977,0.250,0.000
-1.128,-0.898,0.867,1.097,-1.749,3.404,-3.302,1.781,2.616,2.327,-0.432,0.000
0.556,4.030,-0.875,-0.194,-0.361,2.837,1.585,-0.628,-0.804,1.400,0.140,0.000
-0.442,-1.016,2.544,1.429,-0.686,-2.582,0.588,-1.469,0.410,-1.874,-1.591,0.000
2.960,-1.103,1.054,0.214,1.099,0.290,1.645,-0.143,-0.698,-0.886,0.195,1.000
-1.474,0.996,0.819,-0.802,-1.360,-0.791,5.274,0.331,-0.358,-4.680,-1.226,0.000
0.911,3.077,-0.739,-5.084,0.248,-1.075,3.299,1.963,-3.746,-4.583,-3.244,0.000
-2.584,0.506,-1.219,0.460,-3.459,1.100,-5.819,-3.290,3.798,2.571,3.526,0.000
2.092,-0.132,-1.048,-0.956,-2.616,-0.633,2.580,-0.817,-0.856,-2.072,0.041,0.000
1.249,3.570,0.720,-1.679,-0.350,1.317,1.616,-2.035,-0.091,0.115,0.390,0.000
4.115,3.043,0.710,2.600,-0.207,-0.826,4.092,-1.131,0.228,-1.225,1.688,0.000
-0.773,0.019,-1.167,-0.994,0.165,1.142,-0.043,-3.078,3.424,3.524,1.297,0.000
0.991,-3.480,0.273,-2.354,0.279,-0.366,2.731,4.797,-2.223,-0.644,1.397,0.000
-0.469,1.674,-4.987,-0.762,2.216,1.444,0.709,-4.815,1.557,3.895,3.463,0.000
0.870,-0.147,-1.842,-0.444,2.667,-2.643,-0.107,-1.693,3.217,3.382,-1.477,1.000
0.166,0.039,-2.457,-2.236,0.251,-3.430,-0.051,-2.035,0.416,3.613,-2.200,1.000
3.644,-1.592,-3.182,-4.573,6.492,-0.410,-0.059,-1.086,-0.045,0.400,-1.985,1.000
3.380,-0.123,-1.445,0.319,-0.277,-3.212,0.220,0.743,-1.377,0.753,-2.532,1.000
-0.030,-1.452,-2.988,0.167,-1.670,-2.201,-5.708,-0.786,-2.444,0.471,-1.579,1.000
2.193,3.883,0.004,-1.595,-0.956,-1.538,-1.309,-2.142,-3.281,-1.226,-2.067,0.000
-1.117,-2.066,-1.526,-1.477,-1.086,-0.388,-2.446,-3.302,-0.334,0.419,-0.482,1.000
1.685,2.590,1.542,-0.613,-1.192,-1.970,0.054,-0.689,-1.842,-0.639,-2.680,0.000
1.596,-3.317,4.013,5.861,0.275,-6.360,2.456,-0.670,0.491,1.729,-1.272,1.000
2.284,2.680,1.425,-0.597,1.114,-1.091,0.271,1.424,-3.358,0.397,-0.864,0.000
0.595,0.563,2.815,1.259,2.330,-1.330,1.843,-1.171,-3.067,-1.274,-1.111,1.000
-3.398,-2.359,2.808,0.461,-1.796,2.759,-4.430,-0.561,5.107,3.080,1.469,0.000
-0.449,-3.326,2.791,-0.753,2.575,-1.939,0.908,-3.326,0.003,-0.380,-2.055,1.000
2.264,2.016,1.017,-2.762,-0.041,4.619,-0.800,-0.645,2.558,-1.141,0.949,0.000
0.950,-3.033,1.424,-0.605,1.341,-0.417,0.996,1.988,-0.660,-1.595,-0.630,1.000
1.530,-0.136,0.107,1.009,-1.447,-1.453,3.364,-3.458,-1.395,-1.914,0.697,1.000
2.482,-3.344,1.748,-2.334,-1.630,-2.449,-4.142,0.639,0.259,0.555,-1.397,0.000
0.057,0.274,1.711,-0.351,-1.504,-4.584,-1.151,-0.093,2.099,-2.591,-2.293,0.000
0.997,-0.950,1.138,-2.019,1.993,2.060,-0.418,-0.131,-2.300,-0.836,-5.684,1.000
